--CREATE UNIQUE INDEX users_username_upper_idx ON PUBLIC.users (UPPER(name));
CREATE UNIQUE INDEX users_email_upper_idx ON PUBLIC.users (UPPER(email));
-- insert User entities
INSERT INTO public.users (user_id,email,enabled,verified,"password",name,"version") VALUES (1,'admin@sipsoft.com.ua',true,true,'$2a$10$MS6jMQPb.LRdVwYvuII20.kFC5YXTZMA149Di8VvUBmJniZkoD9Xi','Admin',15);
INSERT INTO public.users (user_id,email,enabled,verified,"password",name,"version") VALUES (2,'user@sipsoft.com.ua',true,true,'$2a$10$Rf7JaENH4u6QJR0/9DcwROpjG8v7WhCCp0fkxU3dDNnKHSTMZ5pse','User',7);
INSERT INTO public.users (user_id,email,enabled,verified,"password",name,"version") VALUES (3,'dispatcher@sipsoft.com.ua',true,true,'$2a$10$V1xtSwAc6n4JZeAshuwsr.2Chk6TC1PyBEp4..03.N0832a9cBWx.','Dispatcher',8);
INSERT INTO public.users (user_id,email,enabled,verified,"password",name,"version") VALUES (4,'client@sipsoft.com.ua',true,true,'$2a$10$SIfCk8TxDRxdJDNw9VYDTutmp8SEmBj2lVdsLqoHNvMtaS6Xsf4K.','Client',21);
INSERT INTO public.users (user_id,email,enabled,verified,"password",name,"version") VALUES (5,'courier@sipsoft.com.ua',true,true,'$2a$10$43pE3uxi6SOmI1/iLW3b.u56TkduQtnjBV69bAii0a.r3p/YyUcDq','Courier',22);
INSERT INTO public.users (user_id,email,enabled,verified,"password",name,"version") VALUES (6,'productoper@sipsoft.com.ua',true,true,'$2a$10$3msbqoY7AjOdt/z9yBo01uGGCf.A2WQyiyz9XTr3kZ8qXWRurL6X.','Productoper',13);
INSERT INTO public.users (user_id,email,enabled,verified,"password",name,"version") VALUES (7,'manager@sipsoft.com.ua',true,true,'$2a$10$YfaizApGqWua/7gs1QlwtOwv7j6hy2k1WQIc1bHxf/A3mXHNLORiS','Manager',13);

-- reset User sequence
alter sequence user_seq restart with 8;

-- Insert User`s Roles
INSERT INTO public.user_roles (user_id, user_role) SELECT users.user_id, 'ROLE_ADMIN' FROM public.users WHERE users.email = 'admin@sipsoft.com.ua';
INSERT INTO public.user_roles (user_id, user_role) SELECT users.user_id, 'ROLE_COURIER' FROM public.users WHERE users.email = 'admin@sipsoft.com.ua';
INSERT INTO public.user_roles (user_id, user_role) SELECT users.user_id, 'ROLE_DISPATCHER' FROM public.users WHERE users.email = 'admin@sipsoft.com.ua';
INSERT INTO public.user_roles (user_id, user_role) SELECT users.user_id, 'ROLE_PRODUCTOPER' FROM public.users WHERE users.email = 'admin@sipsoft.com.ua';
INSERT INTO public.user_roles (user_id, user_role) SELECT users.user_id, 'ROLE_USER' FROM public.users WHERE users.email = 'admin@sipsoft.com.ua';
INSERT INTO public.user_roles (user_id, user_role) SELECT users.user_id, 'ROLE_MANAGER' FROM public.users WHERE users.email = 'admin@sipsoft.com.ua';
INSERT INTO public.user_roles (user_id, user_role) SELECT users.user_id, 'ROLE_CLIENT' FROM public.users WHERE users.email = 'admin@sipsoft.com.ua';
INSERT INTO public.user_roles (user_id, user_role) SELECT users.user_id, 'ROLE_USER' FROM public.users WHERE users.email = 'user@sipsoft.com.ua';
INSERT INTO public.user_roles (user_id, user_role) SELECT users.user_id, 'ROLE_CLIENT' FROM public.users WHERE users.email = 'client@sipsoft.com.ua';
INSERT INTO public.user_roles (user_id, user_role) SELECT users.user_id, 'ROLE_COURIER' FROM public.users WHERE users.email = 'courier@sipsoft.com.ua';
INSERT INTO public.user_roles (user_id, user_role) SELECT users.user_id, 'ROLE_MANAGER' FROM public.users WHERE users.email = 'manager@sipsoft.com.ua';
INSERT INTO public.user_roles (user_id, user_role) SELECT users.user_id, 'ROLE_PRODUCTOPER' FROM public.users WHERE users.email = 'productoper@sipsoft.com.ua';
INSERT INTO public.user_roles (user_id, user_role) SELECT users.user_id, 'ROLE_DISPATCHER' FROM public.users WHERE users.email = 'dispatcher@sipsoft.com.ua';

-- Insert Facilities
INSERT INTO public.facilities (facility_id,"name","version") VALUES (1,'SIPSoft Logistic',0);
INSERT INTO public.facilities (facility_id,"name","version") VALUES (2,'ПІДПРИЄМСТВО СПОЖИВЧОЇ КООПЕРАЦІЇ РАЙКООПЗАГОТПРОМ БОРИСПІЛЬСЬКОЇ РАЙСПОЖИВСПІЛКИ',0);
INSERT INTO public.facilities (facility_id,"name","version") VALUES (3,'КОМУНАЛЬНИЙ ЗАКЛАД ОХОРОНИ ЗДОРОВ"Я БАРВІНКІВСЬКА ЦЕНТРАЛЬНА РАЙОННА ЛІКАРНЯ',0);
INSERT INTO public.facilities (facility_id,"name","version") VALUES (4,'ВІДДІЛ КУЛЬТУРИ БОРИСЛАВСЬКОЇ МІСЬКОЇ РАДИ',0);
INSERT INTO public.facilities (facility_id,"name","version") VALUES (5,'ІНШІ ОРГАНІЗАЦІЙНО-ПРАВОВІ ФОРМИ МАШИНОБУДІВНИЙ ТЕХНІКУМ',0);
INSERT INTO public.facilities (facility_id,"name","version") VALUES (6,'ВІДКРИТЕ АКЦІОНЕРНЕ ТОВАРИСТВО "КЕРЧЕНСЬКИЙ ПИВЗАВОД"',0);
INSERT INTO public.facilities (facility_id,"name","version") VALUES (7,'ТОВАРИСТВО З ОБМЕЖЕНОЮ ВІДПОВІДАЛЬНІСТЮ "САВРАНСЬКИЙ ЗАВОД ПРОДОВОЛЬЧИХ ТОВАРІВ"',0);
INSERT INTO public.facilities (facility_id,"name","version") VALUES (8,'ТОВАРИСТВО З ОБМЕЖЕНОЮ ВІДПОВІДАЛЬНІСТЮ СІЛЬСЬКОГОСПОДАРСЬКЕ ТОВАРИСТВО З ОБМЕЖЕНОЮ ВІДПОВІДАЛЬНІСТЮ "МИРНА ДОЛИНА"',0);
INSERT INTO public.facilities (facility_id,"name","version") VALUES (9,'ВІДКРИТЕ АКЦІОНЕРНЕ ТОВАРИСТВО ЄНАКІЄВСЬКЕ СПЕЦІАЛІЗОВАНЕ РЕМОНТНЕ ПІДПРИЄМСТВО',0);
INSERT INTO public.facilities (facility_id,"name","version") VALUES (10,'ТОВАРИСТВО З ДОДАТКОВОЮ ВІДПОВІДАЛЬНІСТЮ "ЄНАКІЄВСЬКЕ СПЕЦІАЛІЗОВАНЕ РЕМОНТНЕ ПІДПРИЄМСТВО"',0);
INSERT INTO public.facilities (facility_id,"name","version") VALUES (11,'СПІЛКА СЕЛЯН "ЗЛАГОДА"',0);
INSERT INTO public.facilities (facility_id,"name","version") VALUES (12,'ТОВАРИСТВО З ОБМЕЖЕНОЮ ВІДПОВІДАЛЬНІСТЮ СІЛЬСЬКОГОСПОДАРСЬКЕ ТОВАРИСТВО З ОБМЕЖЕНОЮ ВІДПОВІДАЛЬНІСТЮ "ДРУЖБА"',0);
INSERT INTO public.facilities (facility_id,"name","version") VALUES (13,'ТОВАРИСТВО З ОБМЕЖЕНОЮ ВІДПОВІДАЛЬНІСТЮ ТОВАРИСТВО З ОБМЕЖЕНОЮ ВІДПОВІДАЛЬНІСТЮ "АВРОРА"',0);
INSERT INTO public.facilities (facility_id,"name","version") VALUES (14,'СУВОРОВСЬКА СІЛЬСЬКА РАДА',0);
INSERT INTO public.facilities (facility_id,"name","version") VALUES (15,'ПЕРВОМАЙСЬКИЙ ОБ`ЄДНАНИЙ МІСЬКИЙ ВІЙСЬКОВИЙ КОМІСАРІАТ ХАРКІВСЬКОЇ ОБЛАСТІ',0);
INSERT INTO public.facilities (facility_id,"name","version") VALUES (16,'ВЕЛИКООЛЕКСАНДРІВСЬКА СІЛЬСЬКА РАДА',0);
INSERT INTO public.facilities (facility_id,"name","version") VALUES (17,'КОСІВСЬКА СІЛЬСЬКА РАДА',0);
INSERT INTO public.facilities (facility_id,"name","version") VALUES (18,'СІЛЬСЬКОГОСПОДАРСЬКИЙ ВИРОБНИЧИЙ КООПЕРАТИВ "СТАРЕ"',0);
INSERT INTO public.facilities (facility_id,"name","version") VALUES (19,'КРЕМЕНЧУЦЬКЕ РАЙОННЕ КООПЕРАТИВНО-ДЕРЖАВНЕ БУДІВЕЛЬНО-МОНТАЖНЕ ОБ`ЄДНАННЯ "РАЙАГРОБУД"',0);
INSERT INTO public.facilities (facility_id,"name","version") VALUES (20,'МІСЬКА ДИТЯЧА ЛІКАРНЯ 4',0);
INSERT INTO public.facilities (facility_id,"name","version") VALUES (21,'КООПЕРАТИВ "ТРАДИЦІЯ"',0);
INSERT INTO public.facilities (facility_id,"name","version") VALUES (22,'ДЕРЖАВНЕ ПІДПРИЄМСТВО "ЦЕНТРАЛЬНИЙ РЕМОНТНИЙ ЗАВОД ЗАСОБІВ ЗВ`ЯЗКУ"',0);
INSERT INTO public.facilities (facility_id,"name","version") VALUES (23,'КЕЛЬМЕНЕЦЬКО - СОКИРЯНСЬКИЙ ОБЄ"ДНАНИЙ РАЙОННИЙ ВІЙСЬКОВИЙ КОМІСАРІАТ ЧЕРНІВЕЦЬКОЇ ОБЛАСТІ ЗАХІДНОГО ОПЕРАТИВНОГО КОМАНДУВАННЯ',0);
INSERT INTO public.facilities (facility_id,"name","version") VALUES (24,'ПРИВАТНЕ АКЦІОНЕРНЕ ТОВАРИСТВО "КРИМНДОПРОЕКТ"',0);
INSERT INTO public.facilities (facility_id,"name","version") VALUES (25,'ПРОФСПІЛКА РАБОТНІКІВ РПС',0);
INSERT INTO public.facilities (facility_id,"name","version") VALUES (26,'ДЕРЖАВНА ОРГАНІЗАЦІЯ (УСТАНОВА, ЗАКЛАД) ВОЛОДАРСЬКИЙ ВІДДІЛ У СПРАВАХ МОЛОДІ ТА СПОРТУ',0);
INSERT INTO public.facilities (facility_id,"name","version") VALUES (27,'ВІДДІЛ З ПИТАНЬ ФІЗИЧНОЇ КУЛЬТУРИ І СПОРТУ КОСТОПІЛЬСЬКОЇ РАЙОННОЇ ДЕРЖАВНОЇ АДМІНІСТРАЦІЇ',0);
INSERT INTO public.facilities (facility_id,"name","version") VALUES (28,'КОМУНАЛЬНЕ ПІДПРИЄМСТВО БРОВАРСЬКИЙ КОМБІНАТ КОМУНАЛЬНИХ ПІДПРИЄМСТВ',0);
INSERT INTO public.facilities (facility_id,"name","version") VALUES (29,'КОЛЕКТИВНЕ ПІДПРИЄМСТВО ХМІЛЬНИЦЬКЕ РАЙОННЕ КОЛЕКТИВНЕ ПІДПРИЄМСТВО ПО БУДІВНИЦТВУ НА СЕЛІ "ХМІЛЬНИКРАЙАГРОБУД"',0);
INSERT INTO public.facilities (facility_id,"name","version") VALUES (30,'КООПЕРАТИВ "МАЯК"',0);
INSERT INTO public.facilities (facility_id,"name","version") VALUES (31,'ТОВАРИСТВО З ОБМЕЖЕНОЮ ВІДПОВІДАЛЬНІСТЮ ВИРОБНИЧО-КОМЕРЦІЙНА ФІРМА "НАВЛАП"',0);
INSERT INTO public.facilities (facility_id,"name","version") VALUES (32,'КОЛЕКТИВНЕ ПІДПРИЄМСТВО "КОМУС"',0);
INSERT INTO public.facilities (facility_id,"name","version") VALUES (33,'ПРИВАТНЕ ПІДПРИЄМСТВО "КОМПАС"',0);
INSERT INTO public.facilities (facility_id,"name","version") VALUES (34,'КОМУНАЛЬНЕ ПІДПРИЄМСТВО  ТОРГІВЛІ "БРИГ"',0);
INSERT INTO public.facilities (facility_id,"name","version") VALUES (35,'ТОВАРИСТВО З ОБМЕЖЕНОЮ ВІДПОВІДАЛЬНІСТЮ "ВЕРНIСАЖ"',0);
INSERT INTO public.facilities (facility_id,"name","version") VALUES (36,'ПТВКП "СІКОРСЬКИЙ І ФЕДОРІ"',0);
INSERT INTO public.facilities (facility_id,"name","version") VALUES (37,'ТОВАРИСТВО З ОБМЕЖЕНОЮ ВІДПОВІДАЛЬНІСТЮ "ІТЦ НАУКА ЛТД"',0);
INSERT INTO public.facilities (facility_id,"name","version") VALUES (38,'ПРИВАТНЕ ПІДПРИЄМСТВО МАЛЕ ВПРОВАДЖУВАЛЬНЕ ПІДПРИЄМСТВО "ГАЛС"',0);
INSERT INTO public.facilities (facility_id,"name","version") VALUES (39,'ПРИВАТНЕ ПІДПРИЄМСТВО " ВИРОБНИЧО-КОМЕРЦІЙНА ФІРМА "ЯРОСЛАВНА"',0);
INSERT INTO public.facilities (facility_id,"name","version") VALUES (40,'ПРИВАТНЕ ПІДПРИЄМСТВО ПРИВАТНА ФІРМА "СТРІЛЕЦЬ" (МАЛЕ ПІДПРИЄМСТВО)',0);
INSERT INTO public.facilities (facility_id,"name","version") VALUES (41,'ТОВАРИСТВО З ОБМЕЖЕНОЮ ВІДПОВІДАЛЬНІСТЮ "ФІРМА "ТРІАДА"',0);
INSERT INTO public.facilities (facility_id,"name","version") VALUES (42,'ЗАКРИТЕ АКЦІОНЕРНЕ ТОВАРИСТВО "АГРОСЕРВІС"',0);
INSERT INTO public.facilities (facility_id,"name","version") VALUES (43,'СПІЛЬНЕ ПІДПРИЄМСТВО СПІЛЬНЕ НАУКОВО-ВИРОБНИЧЕ ПІДПРИЄМСТВО "ПРІЗ-ІНТЕКОН"',0);
INSERT INTO public.facilities (facility_id,"name","version") VALUES (44,'ПЕРУКАРНЯ 6 "ЧАРОДІЙКА"',0);
INSERT INTO public.facilities (facility_id,"name","version") VALUES (45,'ТОВАРИСТВО З ОБМЕЖЕНОЮ ВІДПОВІДАЛЬНІСТЮ "ТЕКО"',0);
INSERT INTO public.facilities (facility_id,"name","version") VALUES (46,'ПРИВАТНЕ ПІДПРИЄМСТВО МАЛЕ ПРИВАТНЕ ПІДПРИЄМСТВО "ТРІОН"',0);
INSERT INTO public.facilities (facility_id,"name","version") VALUES (47,'ПРИВАТНЕ ПІДПРИЄМСТВО МАЛЕ ПРИВАТНЕ ПІДПРИЄМСТВО "ВЛАТА"',0);
INSERT INTO public.facilities (facility_id,"name","version") VALUES (48,'АСОЦІАЦІЯ "ПРОГРЕС"',0);
INSERT INTO public.facilities (facility_id,"name","version") VALUES (49,'ТОВАРИСТВО З ОБМЕЖЕНОЮ ВІДПОВІДАЛЬНІСТЮ "ТЕРНОСЕРВІС"',0);
INSERT INTO public.facilities (facility_id,"name","version") VALUES (50,'ТОВАРИСТВО З ОБМЕЖЕНОЮ ВІДПОВІДАЛЬНІСТЮ "ТД"ПІВДЕННИЙ РЕГІОНАЛЬНИЙ КОМЕРЦІЙНИЙ КОНЦЕРН І К"',0);
INSERT INTO public.facilities (facility_id,"name","version") VALUES (51,'МАЛЕ КОЛЕКТИВНЕ ПІДПРИЄМСТВО "СОЛОМІТ"',0);
INSERT INTO public.facilities (facility_id,"name","version") VALUES (52,'ПРИВАТНЕ ПІДПРИЄМСТВО "ЕДВАРД"',0);
INSERT INTO public.facilities (facility_id,"name","version") VALUES (53,'ПРИВАТНЕ ПІДПРИЄМСТВО "ЛАВЕРНА"',0);
INSERT INTO public.facilities (facility_id,"name","version") VALUES (55,'МАЛЕ ПІДПРИЄМСТВО "ЛАРІ"',0);
INSERT INTO public.facilities (facility_id,"name","version") VALUES (54,'ПРИВАТНА АУДИТОРСЬКА ФІРМА "БІЗНЕС-КЛУБ"',0);
INSERT INTO public.facilities (facility_id,"name","version") VALUES (56,'ТОВАРИСТВО З ОБМЕЖЕНОЮ ВІДПОВІДАЛЬНІСТЮ "БУДІНВЕСТ"',0);
INSERT INTO public.facilities (facility_id,"name","version") VALUES (57,'ТОВАРИСТВО З ОБМЕЖЕНОЮ ВІДПОВІДАЛЬНІСТЮ "ВІМЕС"',0);
INSERT INTO public.facilities (facility_id,"name","version") VALUES (58,'Новая почта',0);
INSERT INTO public.facilities (facility_id,"name","version") VALUES (59,'"ТЕКФІЛ"',0);
INSERT INTO public.facilities (facility_id,"name","version") VALUES (60,'ТОВАРИСТВО З ОБМЕЖЕНОЮ ВІДПОВІДАЛЬНІСТЮ "БРІГУС"',0);
INSERT INTO public.facilities (facility_id,"name","version") VALUES (61,'ФІЛІЯ ДЕРЖАВНОГО МАЛОГО ПІДПРИЄМСТВА " ЛАКТЄПС"',0);
INSERT INTO public.facilities (facility_id,"name","version") VALUES (62,'ТОВАРИСТВО З ОБМЕЖЕНОЮ ВІДПОВІДАЛЬНІСТЮ "ВІСКО"',0);
INSERT INTO public.facilities (facility_id,"name","version") VALUES (63,'МАЛЕ ПІДПРИЄМСТВО ФІРМА "САНДАЛ"',0);
INSERT INTO public.facilities (facility_id,"name","version") VALUES (64,'ТОВАРИСТВО З ОБМЕЖЕНОЮ ВІДПОВІДАЛЬНІСТЮ "АТОС"',0);
INSERT INTO public.facilities (facility_id,"name","version") VALUES (65,'ПРИВАТНЕ ПІДПРИЄМСТВО  "ПРИСТ-В"',0);
INSERT INTO public.facilities (facility_id,"name","version") VALUES (66,'ПРИВАТНЕ ПІДПРИЄМСТВО "ЛАНТА"',0);
INSERT INTO public.facilities (facility_id,"name","version") VALUES (67,'ТОВАРИСТВО З ОБМЕЖЕНОЮ ВІДПОВІДАЛЬНІСТЮ "ІНВЕСТСЕРВІС"',0);
INSERT INTO public.facilities (facility_id,"name","version") VALUES (68,'ПРИВАТНЕ ПІДПРИЄМСТВО "777"',0);
INSERT INTO public.facilities (facility_id,"name","version") VALUES (69,'ТОВАРИСТВО З ОБМЕЖЕНОЮ ВІДПОВІДАЛЬНІСТЮ "РТМ"',0);
INSERT INTO public.facilities (facility_id,"name","version") VALUES (70,'КОЛЕКТИВНЕ ПІДПРИЄМСТВО  "СРОЧНИЙ РЕМОНТ ОБУВІ"',0);
INSERT INTO public.facilities (facility_id,"name","version") VALUES (71,'ЛЬВІВСЬКЕ КОМУНАЛЬНЕ РЕМОНТНО-АВАРІЙНЕ ПІДПРИЄМСТВО',0);
INSERT INTO public.facilities (facility_id,"name","version") VALUES (72,'ТОВАРИСТВО З ОБМЕЖЕНОЮ ВІДПОВІДАЛЬНІСТЮ "М-ЦЕНТР ЛТД"',0);
INSERT INTO public.facilities (facility_id,"name","version") VALUES (73,'ІНШІ ОРГАНІЗАЦІЙНО-ПРАВОВІ ФОРМИ КООПЕРАТИВ "БУДІВЕЛЬНИК"',0);
INSERT INTO public.facilities (facility_id,"name","version") VALUES (74,'КОЛЕКТИВНЕ ПІДПРИЄМСТВО МАГАЗИН N110 "ВОЛОШКА"',0);
INSERT INTO public.facilities (facility_id,"name","version") VALUES (75,'ПРИВАТНЕ ПІДПРИЄМСТВО МАЛЕ ПРИВАТНЕ ПІДПРИЄМСТВО "ВАСА"',0);
INSERT INTO public.facilities (facility_id,"name","version") VALUES (76,'ТОВАРИСТВО З ОБМЕЖЕНОЮ ВІДПОВІДАЛЬНІСТЮ "ІВС"',0);
INSERT INTO public.facilities (facility_id,"name","version") VALUES (77,'ЗАГАЛЬНООСВІТНЯ ШКОЛА І-ІІІ СТУПЕНІВ С.ОГЛЯДІВ РАДЕХІВСЬКОГО РАЙОНУ ЛЬВІВСЬКОЇ ОБЛАСТІ',0);
INSERT INTO public.facilities (facility_id,"name","version") VALUES (78,'ПРИВАТНЕ ПІДПРИЄМСТВО "ФІРМА "ЧОРНОЗЕМ`Я"',0);
INSERT INTO public.facilities (facility_id,"name","version") VALUES (79,'АВТОГАРАЖНИЙ КООПЕРАТИВ "ЮЖНИЙ"',0);
INSERT INTO public.facilities (facility_id,"name","version") VALUES (80,'ТОВАРИСТВО З ОБМЕЖЕНОЮ ВІДПОВІДАЛЬНІСТЮ "БРУНО ЛТД"',0);
INSERT INTO public.facilities (facility_id,"name","version") VALUES (81,'РЕЛІГІЙНА ОРГАНІЗАЦІЯ "ПАРАФІЯ РІЗДВА ПРЕСВЯТОЇ БОГОРОДИЦІ С. ПОКРОПИВНА КОЗІВСЬКОГО РАЙОНУ ТЕРНОПІЛЬСЬКО-ЗБОРІВСЬКОЇ АРХИЄПАРХІЇ УКРАЇНСЬКОЇ ГРЕКО-КАТОЛИЦЬКОЇ ЦЕРКВИ"',0);
INSERT INTO public.facilities (facility_id,"name","version") VALUES (82,'ТОВАРИСТВО З ОБМЕЖЕНОЮ ВІДПОВІДАЛЬНІСТЮ "СІЧЕНЬ"',0);
INSERT INTO public.facilities (facility_id,"name","version") VALUES (83,'ПРИВАТНЕ ПІДПРИЄМСТВО МАЛЕ ПРИВАТНЕ ПІДПРИЄМСТВО "ЕКСЕЛЕНС"',0);
INSERT INTO public.facilities (facility_id,"name","version") VALUES (84,'ПРИВАТНЕ ПІДПРИЄМСТВО МАЛЕ ПРИВАТНЕ ПІДПРИЄМСТВО "ЮНІО"',0);
INSERT INTO public.facilities (facility_id,"name","version") VALUES (85,'ПРИВАТНЕ ПІДПРИЄМСТВО "АКУМОЛ"',0);
INSERT INTO public.facilities (facility_id,"name","version") VALUES (86,'АКЦІОНЕРНЕ ТОВАРИСТВО "МАЯК"',0);
INSERT INTO public.facilities (facility_id,"name","version") VALUES (87,'ТОВАРИСТВО З ОБМЕЖЕНОЮ ВІДПОВІДАЛЬНІСТЮ ФІРМА "ДОНА"',0);
INSERT INTO public.facilities (facility_id,"name","version") VALUES (88,'ЗАКРИТЕ АКЦІОНЕРНЕ ТОВАРИСТВО "ІЛІС-КОМ"',0);
INSERT INTO public.facilities (facility_id,"name","version") VALUES (89,'ТОВАРИСТВО З ОБМЕЖЕНОЮ ВІДПОВІДАЛЬНІСТЮ "НАУКОВО-ВИРОБНИЧЕ ОБ`ЄДНАННЯ "ДРУЗА ЛТД"',0);
INSERT INTO public.facilities (facility_id,"name","version") VALUES (90,'САДІВНИЧЕ ТОВАРИСТВО  "ФРУКТОВИЙ"',0);
INSERT INTO public.facilities (facility_id,"name","version") VALUES (91,'ПРИВАТНЕ ПІДПРИЄМСТВО "НІКА"',0);
INSERT INTO public.facilities (facility_id,"name","version") VALUES (92,'ТОВАРИСТВО З ОБМЕЖЕНОЮ ВІДПОВІДАЛЬНІСТЮ НАУКОВО-ВИРОБНИЧЕ ПІДПРИЄМСТВО "ВІЛТЕКС"',0);
INSERT INTO public.facilities (facility_id,"name","version") VALUES (93,'СЕЛЯНСЬКЕ (ФЕРМЕРСЬКЕ) ГОСПОДАРСТВО "ЛУЧ"',0);
INSERT INTO public.facilities (facility_id,"name","version") VALUES (94,'ПРИВАТНЕ ПІДПРИЄМСТВО МАЛЕ ПРИВАТНЕ ПІДПРИЄМСТВО "ФІРМА "АЛЕКС-Р"',0);
INSERT INTO public.facilities (facility_id,"name","version") VALUES (95,'ДОЧІРНЄ ПІДПРИЄМСТВО "АЛМАЗ"',0);
INSERT INTO public.facilities (facility_id,"name","version") VALUES (96,'ПРИВАТНЕ ПІДПРИЄМСТВО "НАУКОВО-ВИРОБНИЧА ФІРМА "СІНКОМ"',0);
INSERT INTO public.facilities (facility_id,"name","version") VALUES (97,'ПРИВАТНЕ ПІДПРИЄМСТВО "СНЕЙК"',0);
INSERT INTO public.facilities (facility_id,"name","version") VALUES (98,'МАЛЕ ПІДПРИЄМСТВО "САЛАМАНДРА"',0);
INSERT INTO public.facilities (facility_id,"name","version") VALUES (99,'ТОВАРИСТВО З ОБМЕЖЕНОЮ ВІДПОВІДАЛЬНІСТЮ  "СКБ,СВЄТ"',0);
INSERT INTO public.facilities (facility_id,"name","version") VALUES (100,'ТОВАРИСТВО З ОБМЕЖЕНОЮ ВІДПОВІДАЛЬНІСТЮ "СЛУЖБА ЧАСУ"',0);
alter sequence hibernate_sequence restart with 101;

-- Insert Facility Addresses
CREATE INDEX facility_location_idx ON facility_address USING gist (ll_to_earth(lat, lng));

INSERT INTO facility_address (id,address,address_alias,default_address,lat,lng,"version",facility_id) VALUES (3,'6858 Blandit Ave','500695747-00005',false,53.2122406,18.3961325,0,52);
INSERT INTO facility_address (id,address,address_alias,default_address,lat,lng,"version",facility_id) VALUES (4,'Ap #890-6340 Nec, St.','890892698-00006',false,63.8191979,20.2821264,0,62);
INSERT INTO facility_address (id,address,address_alias,default_address,lat,lng,"version",facility_id) VALUES (5,'P.O. Box 195, 7325 Ullamcorper St.','827738394-00002',false,7.088691,79.999928,0,88);
INSERT INTO facility_address (id,address,address_alias,default_address,lat,lng,"version",facility_id) VALUES (6,'Ap #146-7540 Mi Rd.','222878316-00009',false,10.7534694,4.7808095,0,39);
INSERT INTO facility_address (id,address,address_alias,default_address,lat,lng,"version",facility_id) VALUES (7,'301-6416 Suspendisse Avenue','211777263-00008',false,50.2923198,27.9814782,0,56);
INSERT INTO facility_address (id,address,address_alias,default_address,lat,lng,"version",facility_id) VALUES (8,'4172 A Rd.','330869322-00009',false,36.9884302,25.0406679,0,76);
INSERT INTO facility_address (id,address,address_alias,default_address,lat,lng,"version",facility_id) VALUES (9,'2266 Phasellus Rd.','427012703-00000',false,14.6425547,121.010151,0,51);
INSERT INTO facility_address (id,address,address_alias,default_address,lat,lng,"version",facility_id) VALUES (11,'726-2118 Risus St.','251514634-00004',false,14.6462828,100.1479182,0,97);
INSERT INTO facility_address (id,address,address_alias,default_address,lat,lng,"version",facility_id) VALUES (12,'646-4234 Sem. Ave','630351559-00004',false,35.1612182,-5.2632201,0,63);
INSERT INTO facility_address (id,address,address_alias,default_address,lat,lng,"version",facility_id) VALUES (13,'145 Odio. St.','750086126-00000',false,-1.783333,119.466667,0,23);
INSERT INTO facility_address (id,address,address_alias,default_address,lat,lng,"version",facility_id) VALUES (14,'P.O. Box 389, 9832 Non Avenue','369880893-00002',false,30.2102306,-81.7458845,0,90);
INSERT INTO facility_address (id,address,address_alias,default_address,lat,lng,"version",facility_id) VALUES (15,'Ap #481-5121 Felis Ave','136986619-00007',false,14.2512158,121.0499837,0,92);
INSERT INTO facility_address (id,address,address_alias,default_address,lat,lng,"version",facility_id) VALUES (16,'Ap #382-7706 Ac St.','174495358-00007',false,35.201548,114.668936,0,82);
INSERT INTO facility_address (id,address,address_alias,default_address,lat,lng,"version",facility_id) VALUES (17,'380-8195 Arcu. Rd.','984086850-00000',false,40.076762,113.300129,0,88);
INSERT INTO facility_address (id,address,address_alias,default_address,lat,lng,"version",facility_id) VALUES (19,'2377 Nunc St.','141403220-00009',false,-21.5231259,165.9557544,0,50);
INSERT INTO facility_address (id,address,address_alias,default_address,lat,lng,"version",facility_id) VALUES (20,'8182 Sed, St.','112316021-00008',false,47.6264367,34.5297956,0,31);
INSERT INTO facility_address (id,address,address_alias,default_address,lat,lng,"version",facility_id) VALUES (21,'Ap #964-1870 Sed Street','534222427-00005',false,59.925597,30.3406369,0,77);
INSERT INTO facility_address (id,address,address_alias,default_address,lat,lng,"version",facility_id) VALUES (22,'Ap #453-7653 Ut Ave','585010580-00009',false,62.3565057,50.0762432,0,56);
INSERT INTO facility_address (id,address,address_alias,default_address,lat,lng,"version",facility_id) VALUES (23,'P.O. Box 358, 1370 Non, Avenue','247466527-00006',false,13.9129,120.88006,0,85);
INSERT INTO facility_address (id,address,address_alias,default_address,lat,lng,"version",facility_id) VALUES (24,'P.O. Box 839, 3346 Mauris Rd.','674094032-00002',false,52.4598946,17.6844943,0,36);
INSERT INTO facility_address (id,address,address_alias,default_address,lat,lng,"version",facility_id) VALUES (25,'P.O. Box 467, 3776 Nibh. St.','806989042-00007',false,29.705077,116.00193,0,88);
INSERT INTO facility_address (id,address,address_alias,default_address,lat,lng,"version",facility_id) VALUES (27,'Ap #580-5192 Nunc. St.','914095724-00003',false,63.6045211,24.9388982,0,84);
INSERT INTO facility_address (id,address,address_alias,default_address,lat,lng,"version",facility_id) VALUES (28,'P.O. Box 368, 6586 Laoreet St.','045615614-00000',false,-6.289662,106.755605,0,46);
INSERT INTO facility_address (id,address,address_alias,default_address,lat,lng,"version",facility_id) VALUES (29,'P.O. Box 145, 3665 Nibh Street','156955676-00002',false,40.5495165,23.1657758,0,91);
INSERT INTO facility_address (id,address,address_alias,default_address,lat,lng,"version",facility_id) VALUES (30,'Ap #483-2712 Iaculis, Av.','835553793-00000',false,-7.4133512,108.0687579,0,96);
INSERT INTO facility_address (id,address,address_alias,default_address,lat,lng,"version",facility_id) VALUES (31,'Ap #948-6157 Nullam Rd.','964260848-00004',false,-17.9659326,-49.6503106,0,86);
INSERT INTO facility_address (id,address,address_alias,default_address,lat,lng,"version",facility_id) VALUES (32,'Ap #566-3276 Arcu. Avenue','795961739-00005',false,48.9003986,2.2166408,0,55);
INSERT INTO facility_address (id,address,address_alias,default_address,lat,lng,"version",facility_id) VALUES (33,'P.O. Box 999, 2444 Lorem Av.','998623508-00004',false,-17.4586651,-63.6691522,0,28);
INSERT INTO facility_address (id,address,address_alias,default_address,lat,lng,"version",facility_id) VALUES (35,'Ap #727-9911 Aenean Avenue','548145325-00005',false,-8.5514,116.5189,0,15);
INSERT INTO facility_address (id,address,address_alias,default_address,lat,lng,"version",facility_id) VALUES (36,'Ap #427-7741 Quisque Rd.','863936688-00002',false,43.7187433,17.2236492,0,25);
INSERT INTO facility_address (id,address,address_alias,default_address,lat,lng,"version",facility_id) VALUES (37,'Ap #439-5458 Consectetuer Ave','361382021-00000',false,-8.2219,111.9507,0,18);
INSERT INTO facility_address (id,address,address_alias,default_address,lat,lng,"version",facility_id) VALUES (38,'Ap #849-5378 Purus Av.','073787418-00000',false,28.319573,120.694896,0,45);
INSERT INTO facility_address (id,address,address_alias,default_address,lat,lng,"version",facility_id) VALUES (39,'Ap #787-3240 Nisi St.','999291784-00000',false,36.8517527,138.3628039,0,32);
INSERT INTO facility_address (id,address,address_alias,default_address,lat,lng,"version",facility_id) VALUES (40,'1622 Velit. Av.','098526700-00004',false,30.699439,115.078981,0,57);
INSERT INTO facility_address (id,address,address_alias,default_address,lat,lng,"version",facility_id) VALUES (41,'P.O. Box 261, 9609 Placerat. Ave','795564616-00006',false,29.8572576,59.9739243,0,33);
INSERT INTO facility_address (id,address,address_alias,default_address,lat,lng,"version",facility_id) VALUES (42,'5224 Sed Ave','741109490-00002',false,13.3041159,-14.3864656,0,41);
INSERT INTO facility_address (id,address,address_alias,default_address,lat,lng,"version",facility_id) VALUES (43,'P.O. Box 843, 7439 Sit Rd.','355675471-00005',false,47.2391802,9.5572045,0,83);
INSERT INTO facility_address (id,address,address_alias,default_address,lat,lng,"version",facility_id) VALUES (44,'5430 Eu, St.','863341665-00009',false,-13.7543026,-74.0667302,0,100);
INSERT INTO facility_address (id,address,address_alias,default_address,lat,lng,"version",facility_id) VALUES (46,'Ap #169-9765 Non Road','401054390-00000',false,-11.0216067,-77.6407258,0,5);
INSERT INTO facility_address (id,address,address_alias,default_address,lat,lng,"version",facility_id) VALUES (47,'600-7360 Vehicula. Ave','143634699-00001',false,25.282208,111.410194,0,24);
INSERT INTO facility_address (id,address,address_alias,default_address,lat,lng,"version",facility_id) VALUES (48,'1131 Donec Ave','581477155-00005',false,-29.2231867,-51.3423619,0,92);
INSERT INTO facility_address (id,address,address_alias,default_address,lat,lng,"version",facility_id) VALUES (49,'Ap #606-1978 Amet Avenue','235286648-00003',false,32.9234588,12.0775411,0,33);
INSERT INTO facility_address (id,address,address_alias,default_address,lat,lng,"version",facility_id) VALUES (50,'937-8285 Ante Street','901279026-00008',false,50.725848,129.295334,0,32);
INSERT INTO facility_address (id,address,address_alias,default_address,lat,lng,"version",facility_id) VALUES (51,'7153 Porta Rd.','457987980-00002',false,-7.347756,108.8818859,0,5);
INSERT INTO facility_address (id,address,address_alias,default_address,lat,lng,"version",facility_id) VALUES (53,'P.O. Box 997, 9133 In Rd.','791596190-00003',false,45.0610659,18.4690346,0,98);
INSERT INTO facility_address (id,address,address_alias,default_address,lat,lng,"version",facility_id) VALUES (54,'5162 Placerat, Rd.','774196372-00007',false,49.8189015,24.3031209,0,32);
INSERT INTO facility_address (id,address,address_alias,default_address,lat,lng,"version",facility_id) VALUES (55,'Ap #363-5469 Adipiscing. Av.','222149882-00003',false,56.198791,25.3251951,0,64);
INSERT INTO facility_address (id,address,address_alias,default_address,lat,lng,"version",facility_id) VALUES (56,'P.O. Box 892, 8494 Fusce Road','088874854-00008',false,13.88953,43.9688,0,9);
INSERT INTO facility_address (id,address,address_alias,default_address,lat,lng,"version",facility_id) VALUES (57,'5572 Venenatis Rd.','441914090-00002',false,30.501816,110.738098,0,94);
INSERT INTO facility_address (id,address,address_alias,default_address,lat,lng,"version",facility_id) VALUES (58,'P.O. Box 109, 9610 Arcu Av.','249383365-00007',false,28.701403,117.194396,0,20);
INSERT INTO facility_address (id,address,address_alias,default_address,lat,lng,"version",facility_id) VALUES (60,'Ap #928-5117 Odio. Street','425904216-00008',false,59.0463022,12.7017317,0,86);
INSERT INTO facility_address (id,address,address_alias,default_address,lat,lng,"version",facility_id) VALUES (61,'995-3267 Nisi Avenue','778503094-00006',false,50.667396,3.0751792,0,59);
INSERT INTO facility_address (id,address,address_alias,default_address,lat,lng,"version",facility_id) VALUES (62,'P.O. Box 919, 994 Dui Avenue','879122919-00001',false,34.1470534,135.2088227,0,87);
INSERT INTO facility_address (id,address,address_alias,default_address,lat,lng,"version",facility_id) VALUES (63,'Незалежної України 68','SIPSoft',true,32.9566376,11.8492577,0,1);
INSERT INTO facility_address (id,address,address_alias,default_address,lat,lng,"version",facility_id) VALUES (64,'4333 Non St.','396820557-00009',false,35.46,-97.52,0,98);
INSERT INTO facility_address (id,address,address_alias,default_address,lat,lng,"version",facility_id) VALUES (65,'736-8996 Mauris Street','359829447-00002',false,14.5660577,121.015242,0,86);
INSERT INTO facility_address (id,address,address_alias,default_address,lat,lng,"version",facility_id) VALUES (66,'P.O. Box 731, 9927 Lorem Rd.','765894506-00003',false,41.57365,120.4493879,0,22);
INSERT INTO facility_address (id,address,address_alias,default_address,lat,lng,"version",facility_id) VALUES (68,'Ap #649-9998 Dictum Rd.','225439108-00005',false,55.6761482,37.6032435,0,65);
INSERT INTO facility_address (id,address,address_alias,default_address,lat,lng,"version",facility_id) VALUES (70,'P.O. Box 319, 1739 Libero. Rd.','676895113-00006',false,46.2141844,16.9151602,0,8);
INSERT INTO facility_address (id,address,address_alias,default_address,lat,lng,"version",facility_id) VALUES (71,'315-985 Sem Street','896954021-00003',false,29.76,-95.36,0,43);
INSERT INTO facility_address (id,address,address_alias,default_address,lat,lng,"version",facility_id) VALUES (72,'214-7880 Et Rd.','511189110-00006',false,-6.2324516,105.8583873,0,2);
INSERT INTO facility_address (id,address,address_alias,default_address,lat,lng,"version",facility_id) VALUES (74,'Ap #478-4882 Penatibus Avenue','529713935-00003',false,35.84917,14.50306,0,46);
INSERT INTO facility_address (id,address,address_alias,default_address,lat,lng,"version",facility_id) VALUES (75,'687-8703 Feugiat Av.','804172070-00000',false,6.4864,-72.43286,0,51);
INSERT INTO facility_address (id,address,address_alias,default_address,lat,lng,"version",facility_id) VALUES (76,'P.O. Box 869, 1822 Sapien Street','883040776-00006',false,59.3235522,18.3860374,0,35);
INSERT INTO facility_address (id,address,address_alias,default_address,lat,lng,"version",facility_id) VALUES (77,'7863 Duis Road','166564427-00002',false,15.4566044,-91.8808763,0,100);
INSERT INTO facility_address (id,address,address_alias,default_address,lat,lng,"version",facility_id) VALUES (78,'Ap #663-8795 Amet, Road','317918373-00000',false,31.893274,121.255306,0,55);
INSERT INTO facility_address (id,address,address_alias,default_address,lat,lng,"version",facility_id) VALUES (79,'7152 Vivamus St.','410622435-00007',false,5.082453,-73.365046,0,81);
INSERT INTO facility_address (id,address,address_alias,default_address,lat,lng,"version",facility_id) VALUES (80,'930 Vel, Ave','269219275-00006',false,40.4742778,49.8255553,0,24);
INSERT INTO facility_address (id,address,address_alias,default_address,lat,lng,"version",facility_id) VALUES (82,'P.O. Box 459, 2899 Lorem, St.','748771862-00004',false,56.7813252,16.0279817,0,68);
INSERT INTO facility_address (id,address,address_alias,default_address,lat,lng,"version",facility_id) VALUES (83,'336-2287 Vestibulum Road','168035798-00003',false,8.18806,124.60972,0,30);
INSERT INTO facility_address (id,address,address_alias,default_address,lat,lng,"version",facility_id) VALUES (84,'Ap #803-5749 A, Ave','669784548-00002',false,30.453667,114.872199,0,6);
INSERT INTO facility_address (id,address,address_alias,default_address,lat,lng,"version",facility_id) VALUES (85,'245 Donec St.','624085940-00002',false,32.009016,112.122426,0,96);
INSERT INTO facility_address (id,address,address_alias,default_address,lat,lng,"version",facility_id) VALUES (86,'2673 Eu St.','839303161-00005',false,-6.588201,106.804564,0,72);
INSERT INTO facility_address (id,address,address_alias,default_address,lat,lng,"version",facility_id) VALUES (87,'Ap #922-5704 Hendrerit. Ave','167850072-00007',false,16.2093368,100.3722477,0,15);
INSERT INTO facility_address (id,address,address_alias,default_address,lat,lng,"version",facility_id) VALUES (88,'P.O. Box 347, 8168 Auctor Rd.','748222031-00001',false,10.5534497,34.2824429,0,87);
INSERT INTO facility_address (id,address,address_alias,default_address,lat,lng,"version",facility_id) VALUES (89,'803-5733 Vel, Rd.','521522110-00001',false,37.105382,116.694361,0,92);
INSERT INTO facility_address (id,address,address_alias,default_address,lat,lng,"version",facility_id) VALUES (91,'205-420 Semper. Rd.','469380331-00006',false,46.8117208,33.4901963,0,65);
INSERT INTO facility_address (id,address,address_alias,default_address,lat,lng,"version",facility_id) VALUES (92,'P.O. Box 522, 4534 Sollicitudin Street','471732818-00003',false,-31.372506,-64.182416,0,53);
INSERT INTO facility_address (id,address,address_alias,default_address,lat,lng,"version",facility_id) VALUES (93,'874-4330 Diam. Av.','906959127-00000',false,44.1748191,17.6634251,0,66);
INSERT INTO facility_address (id,address,address_alias,default_address,lat,lng,"version",facility_id) VALUES (94,'P.O. Box 162, 3705 Parturient Ave','655954089-00000',false,-6.6591023,106.2931013,0,44);
INSERT INTO facility_address (id,address,address_alias,default_address,lat,lng,"version",facility_id) VALUES (95,'P.O. Box 767, 3423 Dictum Rd.','777657651-00009',false,-7.6044869,109.5068254,0,82);
INSERT INTO facility_address (id,address,address_alias,default_address,lat,lng,"version",facility_id) VALUES (96,'Ap #361-4479 Sodales Rd.','452002694-00001',false,30.1942963,120.1148934,0,4);
INSERT INTO facility_address (id,address,address_alias,default_address,lat,lng,"version",facility_id) VALUES (97,'Ap #843-3547 Ac Avenue','839868205-00007',false,43.0429124,1.9038837,0,32);
INSERT INTO facility_address (id,address,address_alias,default_address,lat,lng,"version",facility_id) VALUES (98,'436 Risus. St.','411817992-00000',false,-34.990888,138.574391,0,94);
INSERT INTO facility_address (id,address,address_alias,default_address,lat,lng,"version",facility_id) VALUES (100,'Ap #835-6717 Eget St.','773331145-00005',false,-7.229378,112.774454,0,74);
INSERT INTO facility_address (id,address,address_alias,default_address,lat,lng,"version",facility_id) VALUES (101,'Ap #249-6593 Suscipit Av.','319726733-00003',false,38.889471,-77.0578855,0,3);
INSERT INTO facility_address (id,address,address_alias,default_address,lat,lng,"version",facility_id) VALUES (102,'Ap #413-3373 Praesent St.','919584672-00001',false,16.4422479,95.7220845,0,69);
INSERT INTO facility_address (id,address,address_alias,default_address,lat,lng,"version",facility_id) VALUES (103,'Ap #961-3160 Tristique St.','348802646-00003',false,54.7180477,18.4086339,0,71);
INSERT INTO facility_address (id,address,address_alias,default_address,lat,lng,"version",facility_id) VALUES (104,'8871 Penatibus Street','803224526-00001',false,29.2083348,72.8578648,0,66);
INSERT INTO facility_address (id,address,address_alias,default_address,lat,lng,"version",facility_id) VALUES (105,'6905 Orci, St.','825758782-00007',false,12.1224221,-68.8824233,0,57);
INSERT INTO facility_address (id,address,address_alias,default_address,lat,lng,"version",facility_id) VALUES (107,'318-1304 Luctus Rd.','740138722-00005',false,-20.3617008,29.5107708,0,75);
INSERT INTO facility_address (id,address,address_alias,default_address,lat,lng,"version",facility_id) VALUES (108,'Ap #411-4567 Dolor. St.','422376590-00002',false,-9.5808,118.9951,0,79);
INSERT INTO facility_address (id,address,address_alias,default_address,lat,lng,"version",facility_id) VALUES (109,'803-2109 Arcu Ave','198428179-00008',false,51.247228,58.498546,0,82);
INSERT INTO facility_address (id,address,address_alias,default_address,lat,lng,"version",facility_id) VALUES (110,'2269 Sed Rd.','860669241-00009',false,6.9894573,81.057569,0,4);
INSERT INTO facility_address (id,address,address_alias,default_address,lat,lng,"version",facility_id) VALUES (111,'Ap #841-8884 Vehicula Road','492540612-00008',false,35.6963947,139.6800321,0,45);
INSERT INTO facility_address (id,address,address_alias,default_address,lat,lng,"version",facility_id) VALUES (112,'Ap #795-2760 Arcu Avenue','947504189-00004',false,60.335657,25.0597867,0,90);
INSERT INTO facility_address (id,address,address_alias,default_address,lat,lng,"version",facility_id) VALUES (113,'P.O. Box 128, 3473 Nulla Street','595532698-00007',false,-31.6308,-71.1653,0,99);
INSERT INTO facility_address (id,address,address_alias,default_address,lat,lng,"version",facility_id) VALUES (115,'Ap #745-4617 Quisque St.','729426098-00004',false,16.7120919,95.9383291,0,50);
INSERT INTO facility_address (id,address,address_alias,default_address,lat,lng,"version",facility_id) VALUES (116,'390-4348 Turpis. St.','989051032-00005',false,-3.5245104,23.5966577,0,11);
INSERT INTO facility_address (id,address,address_alias,default_address,lat,lng,"version",facility_id) VALUES (117,'Ap #836-531 Nulla Street','467566303-00005',false,30.3617348,-81.6966306,0,39);
INSERT INTO facility_address (id,address,address_alias,default_address,lat,lng,"version",facility_id) VALUES (118,'1408 Eros St.','241257070-00003',false,51.8971298,17.7805434,0,69);
INSERT INTO facility_address (id,address,address_alias,default_address,lat,lng,"version",facility_id) VALUES (119,'Ap #925-6458 Ut Road','106272206-00009',false,56.2437046,96.0954395,0,86);
INSERT INTO facility_address (id,address,address_alias,default_address,lat,lng,"version",facility_id) VALUES (120,'Ap #251-3181 Vestibulum Ave','188132443-00006',false,56.3588787,23.2565415,0,51);
INSERT INTO facility_address (id,address,address_alias,default_address,lat,lng,"version",facility_id) VALUES (121,'217-6011 Vitae Rd.','362538407-00002',false,31.690215,113.382458,0,55);
INSERT INTO facility_address (id,address,address_alias,default_address,lat,lng,"version",facility_id) VALUES (122,'370-7353 Nisl. Av.','424504710-00007',false,38.7333101,141.5437532,0,50);
INSERT INTO facility_address (id,address,address_alias,default_address,lat,lng,"version",facility_id) VALUES (124,'P.O. Box 619, 9556 Taciti Avenue','593355191-00002',false,16.1160065,100.8451467,0,28);
INSERT INTO facility_address (id,address,address_alias,default_address,lat,lng,"version",facility_id) VALUES (125,'Ap #139-8870 Tellus Road','149290132-00005',false,34.5553494,69.207486,0,47);
INSERT INTO facility_address (id,address,address_alias,default_address,lat,lng,"version",facility_id) VALUES (126,'P.O. Box 475, 5170 A Av.','735750523-00004',false,50.284234,36.9329429,0,92);
INSERT INTO facility_address (id,address,address_alias,default_address,lat,lng,"version",facility_id) VALUES (127,'854-4928 Senectus Rd.','790938724-00008',false,52.4837296,13.3304798,0,15);
INSERT INTO facility_address (id,address,address_alias,default_address,lat,lng,"version",facility_id) VALUES (128,'1999 Malesuada Ave','519274146-00009',false,-6.9244486,107.6365834,0,95);
INSERT INTO facility_address (id,address,address_alias,default_address,lat,lng,"version",facility_id) VALUES (129,'P.O. Box 248, 6371 Diam Ave','170435143-00004',false,24.780966,112.377361,0,76);
INSERT INTO facility_address (id,address,address_alias,default_address,lat,lng,"version",facility_id) VALUES (130,'Ap #776-8062 Id Rd.','737145631-00005',false,38.914003,121.614682,0,10);
INSERT INTO facility_address (id,address,address_alias,default_address,lat,lng,"version",facility_id) VALUES (132,'Ap #396-5683 Eros Av.','402523393-00005',false,36.7844993,126.4503169,0,61);
INSERT INTO facility_address (id,address,address_alias,default_address,lat,lng,"version",facility_id) VALUES (133,'4254 Nulla Rd.','253930085-00001',false,29.815139,121.300551,0,60);
INSERT INTO facility_address (id,address,address_alias,default_address,lat,lng,"version",facility_id) VALUES (134,'4866 Class Ave','637708959-00001',false,32.317719,34.933615,0,92);
INSERT INTO facility_address (id,address,address_alias,default_address,lat,lng,"version",facility_id) VALUES (135,'Ap #753-3969 Sit Avenue','149538811-00006',false,7.0410845,7.8096037,0,46);
INSERT INTO facility_address (id,address,address_alias,default_address,lat,lng,"version",facility_id) VALUES (136,'Ap #952-2459 A Road','935772665-00003',false,-8.2517133,111.4365318,0,16);
INSERT INTO facility_address (id,address,address_alias,default_address,lat,lng,"version",facility_id) VALUES (138,'821-2118 Dignissim Av.','833534266-00006',false,40.4670674,44.7899209,0,93);
INSERT INTO facility_address (id,address,address_alias,default_address,lat,lng,"version",facility_id) VALUES (140,'Ap #249-8091 Leo Street','295825806-00009',false,14.73927,44.20664,0,53);
INSERT INTO facility_address (id,address,address_alias,default_address,lat,lng,"version",facility_id) VALUES (141,'P.O. Box 699, 4618 Sed Ave','618205975-00005',false,35.621965,118.725698,0,5);
INSERT INTO facility_address (id,address,address_alias,default_address,lat,lng,"version",facility_id) VALUES (142,'Ap #790-4757 Eget St.','212343214-00004',false,17.6282027,121.7170078,0,65);
INSERT INTO facility_address (id,address,address_alias,default_address,lat,lng,"version",facility_id) VALUES (143,'P.O. Box 463, 3512 Nunc. Avenue','710573254-00004',false,34.0076216,44.148291,0,96);
INSERT INTO facility_address (id,address,address_alias,default_address,lat,lng,"version",facility_id) VALUES (144,'4765 Arcu Ave','615100450-00001',false,-7.1701665,108.3296983,0,76);
INSERT INTO facility_address (id,address,address_alias,default_address,lat,lng,"version",facility_id) VALUES (145,'778-4502 Ac, Av.','467503314-00008',false,14.1507357,120.878102,0,96);
INSERT INTO facility_address (id,address,address_alias,default_address,lat,lng,"version",facility_id) VALUES (147,'4438 Pretium Av.','391068806-00002',false,40.3802589,50.0918078,0,96);
INSERT INTO facility_address (id,address,address_alias,default_address,lat,lng,"version",facility_id) VALUES (148,'210-3964 Nunc. Street','533047882-00006',false,43.7441795,2.511999,0,74);
INSERT INTO facility_address (id,address,address_alias,default_address,lat,lng,"version",facility_id) VALUES (149,'512 Pharetra. Av.','509668901-00002',false,32.060255,118.796877,0,17);
INSERT INTO facility_address (id,address,address_alias,default_address,lat,lng,"version",facility_id) VALUES (150,'7520 Non St.','345664080-00008',false,4.0510564,9.7678687,0,10);
INSERT INTO facility_address (id,address,address_alias,default_address,lat,lng,"version",facility_id) VALUES (151,'Ap #949-5860 Fringilla, Rd.','225919851-00009',false,32.320332,116.557208,0,9);
INSERT INTO facility_address (id,address,address_alias,default_address,lat,lng,"version",facility_id) VALUES (152,'Ap #777-1179 Aptent St.','252505748-00001',false,48.7528373,2.5304644,0,75);
INSERT INTO facility_address (id,address,address_alias,default_address,lat,lng,"version",facility_id) VALUES (153,'Ap #972-9108 Tellus Av.','882854847-00002',false,45.050726,64.9798593,0,66);
INSERT INTO facility_address (id,address,address_alias,default_address,lat,lng,"version",facility_id) VALUES (155,'Ap #612-9821 Molestie. Rd.','843497603-00004',false,31.199997,121.461114,0,84);
INSERT INTO facility_address (id,address,address_alias,default_address,lat,lng,"version",facility_id) VALUES (156,'5474 Nec St.','835151879-00003',false,54.3082668,26.7832545,0,73);
INSERT INTO facility_address (id,address,address_alias,default_address,lat,lng,"version",facility_id) VALUES (157,'Ap #767-2311 Facilisis Ave','742159858-00007',false,23.9563274,113.1916737,0,75);
INSERT INTO facility_address (id,address,address_alias,default_address,lat,lng,"version",facility_id) VALUES (158,'Ap #974-5172 Eleifend, Ave','546245168-00002',false,36.9714,126.4542,0,62);
INSERT INTO facility_address (id,address,address_alias,default_address,lat,lng,"version",facility_id) VALUES (159,'P.O. Box 574, 2357 Sed Rd.','240495549-00000',false,43.6953508,7.2559678,0,9);
INSERT INTO facility_address (id,address,address_alias,default_address,lat,lng,"version",facility_id) VALUES (160,'693-7380 Rhoncus. Rd.','683258800-00005',false,6.991539,-73.053998,0,84);
INSERT INTO facility_address (id,address,address_alias,default_address,lat,lng,"version",facility_id) VALUES (161,'Ap #332-3466 Commodo Rd.','122937469-00007',false,-6.3108571,-79.0262568,0,88);
INSERT INTO facility_address (id,address,address_alias,default_address,lat,lng,"version",facility_id) VALUES (162,'P.O. Box 692, 7106 Mus. St.','758155485-00009',false,39.325788,111.962127,0,81);
INSERT INTO facility_address (id,address,address_alias,default_address,lat,lng,"version",facility_id) VALUES (164,'Ap #397-6008 Lacus. Street','047136700-00003',false,3.1523104,101.7178316,0,6);
INSERT INTO facility_address (id,address,address_alias,default_address,lat,lng,"version",facility_id) VALUES (165,'P.O. Box 779, 8791 In Av.','217586338-00006',false,30.291711,120.006412,0,70);
INSERT INTO facility_address (id,address,address_alias,default_address,lat,lng,"version",facility_id) VALUES (166,'8123 Cras Rd.','843971268-00001',false,37.0862154,127.0391832,0,28);
INSERT INTO facility_address (id,address,address_alias,default_address,lat,lng,"version",facility_id) VALUES (167,'P.O. Box 291, 1123 Consectetuer St.','575414693-00003',false,15.2008428,-12.9449928,0,70);
INSERT INTO facility_address (id,address,address_alias,default_address,lat,lng,"version",facility_id) VALUES (168,'P.O. Box 970, 5620 Ipsum Street','718398415-00007',false,35.0663073,134.1496427,0,94);
INSERT INTO facility_address (id,address,address_alias,default_address,lat,lng,"version",facility_id) VALUES (169,'706-2570 Arcu. St.','291410561-00000',false,50.0281297,18.1278226,0,54);
INSERT INTO facility_address (id,address,address_alias,default_address,lat,lng,"version",facility_id) VALUES (170,'350-9852 Nibh. Av.','645931874-00004',false,33.955844,116.798265,0,96);
INSERT INTO facility_address (id,address,address_alias,default_address,lat,lng,"version",facility_id) VALUES (171,'8332 Accumsan Rd.','226042190-00000',false,29.3728871,113.1149933,0,77);
INSERT INTO facility_address (id,address,address_alias,default_address,lat,lng,"version",facility_id) VALUES (172,'6258 Convallis Street','024779613-00009',false,28.555787,121.244605,0,52);
INSERT INTO facility_address (id,address,address_alias,default_address,lat,lng,"version",facility_id) VALUES (174,'2200 Sit Rd.','695501726-00001',false,37.9440927,139.3739616,0,72);
INSERT INTO facility_address (id,address,address_alias,default_address,lat,lng,"version",facility_id) VALUES (175,'830-5740 Diam St.','909276065-00002',false,43.03596,-82.1616,0,59);
INSERT INTO facility_address (id,address,address_alias,default_address,lat,lng,"version",facility_id) VALUES (176,'8005 Cras Rd.','699114971-00004',false,33.626149,114.69695,0,41);
INSERT INTO facility_address (id,address,address_alias,default_address,lat,lng,"version",facility_id) VALUES (177,'P.O. Box 441, 3702 Nec Road','587885260-00006',false,58.1628402,16.3083468,0,11);
INSERT INTO facility_address (id,address,address_alias,default_address,lat,lng,"version",facility_id) VALUES (178,'334-8681 Vestibulum Ave','785994674-00006',false,43.3211671,45.9920397,0,83);
INSERT INTO facility_address (id,address,address_alias,default_address,lat,lng,"version",facility_id) VALUES (179,'1286 Luctus Ave','547745208-00009',false,45.2011955,21.0119834,0,4);
INSERT INTO facility_address (id,address,address_alias,default_address,lat,lng,"version",facility_id) VALUES (180,'Ap #962-8305 Donec Road','562199794-00008',false,22.671042,113.823131,0,73);
INSERT INTO facility_address (id,address,address_alias,default_address,lat,lng,"version",facility_id) VALUES (182,'P.O. Box 269, 839 Malesuada. Street','315464297-00003',false,41.3269373,-8.570312,0,94);
INSERT INTO facility_address (id,address,address_alias,default_address,lat,lng,"version",facility_id) VALUES (183,'P.O. Box 299, 1754 Sit Av.','945493112-00003',false,60.1734181,18.1771765,0,88);
INSERT INTO facility_address (id,address,address_alias,default_address,lat,lng,"version",facility_id) VALUES (184,'7536 Mauris. Ave','323483669-00004',false,-9.385742,-76.0043731,0,61);
INSERT INTO facility_address (id,address,address_alias,default_address,lat,lng,"version",facility_id) VALUES (185,'208-7302 A, Street','923586010-00004',false,49.2216972,17.3562648,0,3);
INSERT INTO facility_address (id,address,address_alias,default_address,lat,lng,"version",facility_id) VALUES (186,'P.O. Box 112, 5207 Nibh Avenue','903273621-00008',false,46.1428433,14.4322399,0,46);
INSERT INTO facility_address (id,address,address_alias,default_address,lat,lng,"version",facility_id) VALUES (187,'171-2740 Integer St.','689277895-00009',false,55.6383075,22.938485,0,9);
INSERT INTO facility_address (id,address,address_alias,default_address,lat,lng,"version",facility_id) VALUES (188,'5078 Pede Avenue','598755445-00007',false,43.6953508,7.2559678,0,51);
INSERT INTO facility_address (id,address,address_alias,default_address,lat,lng,"version",facility_id) VALUES (190,'843 Erat. Ave','463181537-00002',false,4.398278,-74.828718,0,22);
INSERT INTO facility_address (id,address,address_alias,default_address,lat,lng,"version",facility_id) VALUES (191,'7769 Sodales Avenue','612631911-00007',false,-7.0543824,108.7690065,0,73);
INSERT INTO facility_address (id,address,address_alias,default_address,lat,lng,"version",facility_id) VALUES (192,'507-4427 Nulla Street','234511400-00009',false,49.1073208,7.0685103,0,53);
INSERT INTO facility_address (id,address,address_alias,default_address,lat,lng,"version",facility_id) VALUES (193,'9916 Neque Street','912199932-00001',false,40.7316367,20.0427329,0,28);
INSERT INTO facility_address (id,address,address_alias,default_address,lat,lng,"version",facility_id) VALUES (194,'5637 Sem Rd.','534066303-00007',false,-7.7285206,110.7897275,0,92);
INSERT INTO facility_address (id,address,address_alias,default_address,lat,lng,"version",facility_id) VALUES (195,'2475 Velit. Street','187703236-00005',false,11.5012022,122.3115616,0,56);
INSERT INTO facility_address (id,address,address_alias,default_address,lat,lng,"version",facility_id) VALUES (197,'7497 Eget, Rd.','480508308-00008',false,0.7193581,32.531617,0,25);
INSERT INTO facility_address (id,address,address_alias,default_address,lat,lng,"version",facility_id) VALUES (198,'5815 Faucibus. Ave','507412062-00006',false,40.6400629,22.9444191,0,42);
INSERT INTO facility_address (id,address,address_alias,default_address,lat,lng,"version",facility_id) VALUES (199,'4223 Cubilia Rd.','221148646-00005',false,14.7596318,121.0589081,0,23);
INSERT INTO facility_address (id,address,address_alias,default_address,lat,lng,"version",facility_id) VALUES (200,'Ap #899-2039 Tincidunt St.','508270386-00008',false,-8.6900261,121.6226051,0,44);
INSERT INTO facility_address (id,address,address_alias,default_address,lat,lng,"version",facility_id) VALUES (201,'599-6746 Sed St.','697624930-00007',false,53.526935,49.435224,0,91);
INSERT INTO facility_address (id,address,address_alias,default_address,lat,lng,"version",facility_id) VALUES (202,'126 Pede, St.','420038416-00004',false,53.7322394,33.3332803,0,72);
INSERT INTO facility_address (id,address,address_alias,default_address,lat,lng,"version",facility_id) VALUES (203,'P.O. Box 669, 4946 Lorem St.','475062428-00002',false,39.907483,116.442259,0,17);
INSERT INTO facility_address (id,address,address_alias,default_address,lat,lng,"version",facility_id) VALUES (205,'490-4843 Nullam Rd.','002312676-00006',false,23.63841,115.182134,0,32);
INSERT INTO facility_address (id,address,address_alias,default_address,lat,lng,"version",facility_id) VALUES (207,'Ap #156-7749 Per Avenue','070865175-00007',false,35.96533,111.533986,0,42);
INSERT INTO facility_address (id,address,address_alias,default_address,lat,lng,"version",facility_id) VALUES (208,'907-5691 Ultrices St.','649831088-00004',false,22.637151,114.012813,0,55);
INSERT INTO facility_address (id,address,address_alias,default_address,lat,lng,"version",facility_id) VALUES (209,'Ap #393-7649 Enim Road','068764505-00001',false,-2.569886,140.50321,0,79);
INSERT INTO facility_address (id,address,address_alias,default_address,lat,lng,"version",facility_id) VALUES (210,'Ap #792-8225 Arcu. Rd.','329713952-00003',false,41.1575986,21.3571429,0,56);
INSERT INTO facility_address (id,address,address_alias,default_address,lat,lng,"version",facility_id) VALUES (212,'547-3274 Tortor, Rd.','460738982-00004',false,4.9428987,-76.0285737,0,12);
INSERT INTO facility_address (id,address,address_alias,default_address,lat,lng,"version",facility_id) VALUES (213,'8232 In Avenue','858383417-00004',false,54.9675,41.75083,0,37);
INSERT INTO facility_address (id,address,address_alias,default_address,lat,lng,"version",facility_id) VALUES (214,'Ap #316-5904 Lacinia St.','819764804-00004',false,-7.683333,109.883333,0,54);
INSERT INTO facility_address (id,address,address_alias,default_address,lat,lng,"version",facility_id) VALUES (215,'5201 Ut Avenue','525400354-00003',false,-7.25717,112.67026,0,95);
INSERT INTO facility_address (id,address,address_alias,default_address,lat,lng,"version",facility_id) VALUES (216,'Ap #965-2100 Praesent St.','020932067-00000',false,50.1674668,18.9067921,0,56);
INSERT INTO facility_address (id,address,address_alias,default_address,lat,lng,"version",facility_id) VALUES (217,'551-9219 Nunc Rd.','680455110-00006',false,45.4585439,-74.1406654,0,42);
INSERT INTO facility_address (id,address,address_alias,default_address,lat,lng,"version",facility_id) VALUES (218,'128-9592 Dis Rd.','983482365-00001',false,17.5045661,-88.1962133,0,81);
INSERT INTO facility_address (id,address,address_alias,default_address,lat,lng,"version",facility_id) VALUES (220,'Ap #569-660 Suscipit Rd.','355115205-00005',false,62.6418615,17.9836819,0,38);
INSERT INTO facility_address (id,address,address_alias,default_address,lat,lng,"version",facility_id) VALUES (221,'P.O. Box 538, 8249 Enim. St.','756066742-00005',false,-17.5624415,-52.5489206,0,55);
INSERT INTO facility_address (id,address,address_alias,default_address,lat,lng,"version",facility_id) VALUES (222,'P.O. Box 670, 5815 Adipiscing, Ave','200205839-00000',false,19.3508272,-81.2085052,0,56);
INSERT INTO facility_address (id,address,address_alias,default_address,lat,lng,"version",facility_id) VALUES (223,'330-4398 Vel, Ave','813288990-00001',false,50.5982316,17.3802606,0,23);
INSERT INTO facility_address (id,address,address_alias,default_address,lat,lng,"version",facility_id) VALUES (224,'506-1356 Mauris Avenue','291367944-00001',false,38.453095,114.600138,0,17);
INSERT INTO facility_address (id,address,address_alias,default_address,lat,lng,"version",facility_id) VALUES (225,'Ap #561-9867 Enim. Ave','464151422-00001',false,-19.7270406,-50.265662,0,85);
INSERT INTO facility_address (id,address,address_alias,default_address,lat,lng,"version",facility_id) VALUES (226,'9904 Mattis Av.','855088365-00009',false,14.26411,47.584629,0,61);
INSERT INTO facility_address (id,address,address_alias,default_address,lat,lng,"version",facility_id) VALUES (227,'692-2507 Nunc. St.','448057810-00005',false,47.56746,34.394815,0,87);
INSERT INTO facility_address (id,address,address_alias,default_address,lat,lng,"version",facility_id) VALUES (228,'2237 Eu St.','828999565-00009',false,43.179594,123.855668,0,51);
INSERT INTO facility_address (id,address,address_alias,default_address,lat,lng,"version",facility_id) VALUES (230,'4809 Semper Rd.','236230132-00003',false,59.406891,18.0157421,0,81);
INSERT INTO facility_address (id,address,address_alias,default_address,lat,lng,"version",facility_id) VALUES (231,'Ap #541-4967 Sit Road','032910804-00007',false,14.5265067,104.8888301,0,74);
INSERT INTO facility_address (id,address,address_alias,default_address,lat,lng,"version",facility_id) VALUES (232,'9434 Facilisis Ave','592478473-00008',false,-19.8852788,-43.6644238,0,45);
INSERT INTO facility_address (id,address,address_alias,default_address,lat,lng,"version",facility_id) VALUES (233,'P.O. Box 720, 480 Nec St.','294113618-00002',false,-7.5208,108.6747,0,67);
INSERT INTO facility_address (id,address,address_alias,default_address,lat,lng,"version",facility_id) VALUES (234,'2126 Amet Av.','330494642-00003',false,41.7958532,-8.5356936,0,52);
INSERT INTO facility_address (id,address,address_alias,default_address,lat,lng,"version",facility_id) VALUES (235,'P.O. Box 298, 4428 Sed St.','431984046-00000',false,28.1962471,84.3857442,0,38);
INSERT INTO facility_address (id,address,address_alias,default_address,lat,lng,"version",facility_id) VALUES (236,'5197 Erat, Street','571275726-00008',false,13.75639,100.5073712,0,18);
INSERT INTO facility_address (id,address,address_alias,default_address,lat,lng,"version",facility_id) VALUES (237,'Ap #248-1959 Dui. Av.','861007086-00007',false,52.774987,78.808874,0,70);
INSERT INTO facility_address (id,address,address_alias,default_address,lat,lng,"version",facility_id) VALUES (239,'3860 Hymenaeos. Road','945325124-00002',false,-6.957504,112.834114,0,24);
INSERT INTO facility_address (id,address,address_alias,default_address,lat,lng,"version",facility_id) VALUES (240,'2215 Mi Rd.','299202515-00001',false,40.49357,46.07175,0,11);
INSERT INTO facility_address (id,address,address_alias,default_address,lat,lng,"version",facility_id) VALUES (241,'P.O. Box 741, 5497 Nec Rd.','225080472-00007',false,29.2188245,80.4993857,0,89);
INSERT INTO facility_address (id,address,address_alias,default_address,lat,lng,"version",facility_id) VALUES (242,'Ap #295-5895 Non, Ave','909855926-00004',false,-6.1872497,106.9123883,0,84);
INSERT INTO facility_address (id,address,address_alias,default_address,lat,lng,"version",facility_id) VALUES (243,'288-8348 At Rd.','397792250-00003',false,22.588115,-83.2425711,0,50);
INSERT INTO facility_address (id,address,address_alias,default_address,lat,lng,"version",facility_id) VALUES (244,'Ap #777-1154 Arcu. Rd.','371569898-00005',false,37.5097524,23.013113,0,66);
INSERT INTO facility_address (id,address,address_alias,default_address,lat,lng,"version",facility_id) VALUES (245,'Ap #165-2291 Semper Rd.','978159861-00001',false,54.3082668,26.7832545,0,49);
INSERT INTO facility_address (id,address,address_alias,default_address,lat,lng,"version",facility_id) VALUES (246,'781-7070 Aliquam St.','084466630-00005',false,-12.2179111,-76.5148607,0,49);
INSERT INTO facility_address (id,address,address_alias,default_address,lat,lng,"version",facility_id) VALUES (248,'P.O. Box 538, 1315 Lorem. Rd.','101661957-00007',false,50.5750633,16.6553945,0,45);
INSERT INTO facility_address (id,address,address_alias,default_address,lat,lng,"version",facility_id) VALUES (249,'P.O. Box 108, 9797 Imperdiet, Avenue','777362575-00006',false,24.789361,103.140748,0,16);
INSERT INTO facility_address (id,address,address_alias,default_address,lat,lng,"version",facility_id) VALUES (250,'594-1453 Aliquam Avenue','834853871-00004',false,37.34,-121.89,0,76);
INSERT INTO facility_address (id,address,address_alias,default_address,lat,lng,"version",facility_id) VALUES (251,'816-1759 Augue Rd.','213889538-00004',false,-8.4788,117.4132,0,55);
INSERT INTO facility_address (id,address,address_alias,default_address,lat,lng,"version",facility_id) VALUES (252,'Ap #139-2712 Eros Rd.','461154254-00001',false,50.0521348,16.0850004,0,83);
INSERT INTO facility_address (id,address,address_alias,default_address,lat,lng,"version",facility_id) VALUES (253,'Ap #723-5519 Rutrum St.','603861329-00002',false,24.348365,105.759939,0,92);
INSERT INTO facility_address (id,address,address_alias,default_address,lat,lng,"version",facility_id) VALUES (255,'Ap #465-2523 Purus St.','678858341-00004',false,-6.9528113,111.9880199,0,49);
INSERT INTO facility_address (id,address,address_alias,default_address,lat,lng,"version",facility_id) VALUES (256,'Ap #637-4037 Eu St.','896370780-00000',false,-7.0251813,111.3202736,0,98);
INSERT INTO facility_address (id,address,address_alias,default_address,lat,lng,"version",facility_id) VALUES (257,'8611 Massa Ave','798193371-00001',false,40.6919067,22.1007382,0,17);
INSERT INTO facility_address (id,address,address_alias,default_address,lat,lng,"version",facility_id) VALUES (258,'P.O. Box 650, 4813 At Rd.','422748871-00007',false,-27.4697707,153.0251235,0,37);
INSERT INTO facility_address (id,address,address_alias,default_address,lat,lng,"version",facility_id) VALUES (259,'7218 Nonummy St.','028178705-00001',false,58.3226908,15.1335348,0,48);
INSERT INTO facility_address (id,address,address_alias,default_address,lat,lng,"version",facility_id) VALUES (260,'Ap #172-3037 Erat St.','725307870-00008',false,14.818398,120.4854364,0,31);
INSERT INTO facility_address (id,address,address_alias,default_address,lat,lng,"version",facility_id) VALUES (261,'P.O. Box 215, 741 Massa Av.','924942584-00005',false,35.656128,112.117922,0,4);
INSERT INTO facility_address (id,address,address_alias,default_address,lat,lng,"version",facility_id) VALUES (262,'172-5458 Pede. Avenue','157138603-00004',false,59.9050895,10.7673005,0,84);
INSERT INTO facility_address (id,address,address_alias,default_address,lat,lng,"version",facility_id) VALUES (264,'167-7361 Ipsum Road','123488744-00004',false,19.5037694,-99.1324282,0,27);
INSERT INTO facility_address (id,address,address_alias,default_address,lat,lng,"version",facility_id) VALUES (265,'Ap #991-2317 Pede St.','440984763-00001',false,14.6640555,120.9712983,0,89);
INSERT INTO facility_address (id,address,address_alias,default_address,lat,lng,"version",facility_id) VALUES (266,'605-7865 Non St.','718678360-00006',false,34.53879,36.91909,0,97);
INSERT INTO facility_address (id,address,address_alias,default_address,lat,lng,"version",facility_id) VALUES (267,'Ap #258-4374 Arcu. Rd.','839200995-00000',false,52.4159683,41.4278531,0,82);
INSERT INTO facility_address (id,address,address_alias,default_address,lat,lng,"version",facility_id) VALUES (268,'P.O. Box 321, 4740 Mauris Rd.','295113179-00002',false,28.582106,88.268778,0,51);
INSERT INTO facility_address (id,address,address_alias,default_address,lat,lng,"version",facility_id) VALUES (269,'P.O. Box 112, 7963 Id Avenue','393662705-00002',false,54.8771794,26.9388432,0,21);
INSERT INTO facility_address (id,address,address_alias,default_address,lat,lng,"version",facility_id) VALUES (271,'Ap #698-3337 Est Ave','031944333-00009',false,60.4872057,15.4102793,0,18);
INSERT INTO facility_address (id,address,address_alias,default_address,lat,lng,"version",facility_id) VALUES (272,'276-6068 Vel Rd.','254858194-00007',false,6.3716474,2.0763253,0,7);
INSERT INTO facility_address (id,address,address_alias,default_address,lat,lng,"version",facility_id) VALUES (273,'P.O. Box 669, 8770 Magnis Road','289849416-00002',false,11.5358447,124.4553581,0,28);
INSERT INTO facility_address (id,address,address_alias,default_address,lat,lng,"version",facility_id) VALUES (1,'Космическая 32','заправка',false,47.2806309,39.7431061,0,1);
INSERT INTO facility_address (id,address,address_alias,default_address,lat,lng,"version",facility_id) VALUES (2,'255-1117 Sit Street','024604381-00004',false,-14.3816618,34.3254842,0,14);
INSERT INTO facility_address (id,address,address_alias,default_address,lat,lng,"version",facility_id) VALUES (10,'2135 Orci, Rd.','778418376-00001',false,-16.4613315,-49.9588111,0,85);
INSERT INTO facility_address (id,address,address_alias,default_address,lat,lng,"version",facility_id) VALUES (18,'Ap #261-2412 Aliquam Ave','955521596-00002',false,-23.6509279,-70.3975022,0,31);
INSERT INTO facility_address (id,address,address_alias,default_address,lat,lng,"version",facility_id) VALUES (26,'232-4576 Auctor St.','749749412-00005',false,43.5414515,-5.8855146,0,85);
INSERT INTO facility_address (id,address,address_alias,default_address,lat,lng,"version",facility_id) VALUES (34,'P.O. Box 868, 4186 Venenatis Rd.','615685633-00005',false,-6.8878234,107.9604706,0,18);
INSERT INTO facility_address (id,address,address_alias,default_address,lat,lng,"version",facility_id) VALUES (45,'335-8270 Lectus Street','424124311-00004',false,47.3892142,0.6942885,0,84);
INSERT INTO facility_address (id,address,address_alias,default_address,lat,lng,"version",facility_id) VALUES (52,'Ap #431-2208 Facilisis St.','701346579-00009',false,30.699176,120.318178,0,34);
INSERT INTO facility_address (id,address,address_alias,default_address,lat,lng,"version",facility_id) VALUES (59,'Ap #497-9956 Sagittis Ave','348377482-00008',false,27.855928,113.173487,0,69);
INSERT INTO facility_address (id,address,address_alias,default_address,lat,lng,"version",facility_id) VALUES (67,'P.O. Box 728, 712 Sed, Avenue','478123110-00007',false,-8.7393,121.3054,0,57);
INSERT INTO facility_address (id,address,address_alias,default_address,lat,lng,"version",facility_id) VALUES (275,'551-553 Urna St.','531618221-00000',false,-3.8375079,119.8149736,0,82);
INSERT INTO facility_address (id,address,address_alias,default_address,lat,lng,"version",facility_id) VALUES (276,'Ap #728-6231 Elit Avenue','649415189-00004',false,55.85611,37.669967,0,9);
INSERT INTO facility_address (id,address,address_alias,default_address,lat,lng,"version",facility_id) VALUES (277,'750-2769 Amet Road','155286982-00006',false,-8.5067,115.2298,0,66);
INSERT INTO facility_address (id,address,address_alias,default_address,lat,lng,"version",facility_id) VALUES (278,'453-9485 Mauris Av.','362607004-00003',false,32.20068,35.21293,0,62);
INSERT INTO facility_address (id,address,address_alias,default_address,lat,lng,"version",facility_id) VALUES (280,'Ap #711-1850 Iaculis Av.','988096244-00005',false,26.731743,115.622147,0,8);
INSERT INTO facility_address (id,address,address_alias,default_address,lat,lng,"version",facility_id) VALUES (281,'369-1928 Ipsum. Road','111435343-00004',false,-34.6337798,-58.5541599,0,54);
INSERT INTO facility_address (id,address,address_alias,default_address,lat,lng,"version",facility_id) VALUES (282,'3707 Tellus, St.','744740143-00006',false,56.9115826,124.9032167,0,65);
INSERT INTO facility_address (id,address,address_alias,default_address,lat,lng,"version",facility_id) VALUES (283,'Ap #181-7265 Turpis Av.','445372170-00008',false,53.5087757,50.1567556,0,89);
INSERT INTO facility_address (id,address,address_alias,default_address,lat,lng,"version",facility_id) VALUES (284,'Ap #838-8276 Varius St.','604744490-00003',false,14.637321,120.960515,0,45);
INSERT INTO facility_address (id,address,address_alias,default_address,lat,lng,"version",facility_id) VALUES (285,'P.O. Box 178, 1203 Elit. Av.','812905610-00000',false,9.7666664,124.4833298,0,56);
INSERT INTO facility_address (id,address,address_alias,default_address,lat,lng,"version",facility_id) VALUES (286,'778-390 Augue Rd.','593808405-00009',false,40.3306084,21.7886602,0,20);
INSERT INTO facility_address (id,address,address_alias,default_address,lat,lng,"version",facility_id) VALUES (287,'6716 Diam St.','480844539-00001',false,-21.1291403,-42.3702252,0,56);
INSERT INTO facility_address (id,address,address_alias,default_address,lat,lng,"version",facility_id) VALUES (289,'Ap #921-5672 Quis Rd.','604663724-00002',false,36.730406,101.196484,0,43);
INSERT INTO facility_address (id,address,address_alias,default_address,lat,lng,"version",facility_id) VALUES (290,'Ap #320-4596 Nisl. Ave','007571003-00008',false,34.9520642,118.3410867,0,41);
INSERT INTO facility_address (id,address,address_alias,default_address,lat,lng,"version",facility_id) VALUES (291,'350-9417 Tellus Avenue','510834096-00008',false,38.6052087,-8.9510512,0,56);
INSERT INTO facility_address (id,address,address_alias,default_address,lat,lng,"version",facility_id) VALUES (292,'7237 Amet Ave','876850942-00007',false,23.3790333,113.7632828,0,34);
INSERT INTO facility_address (id,address,address_alias,default_address,lat,lng,"version",facility_id) VALUES (293,'5908 Curae; Street','947877775-00009',false,69.0474473,33.2898473,0,28);
INSERT INTO facility_address (id,address,address_alias,default_address,lat,lng,"version",facility_id) VALUES (294,'1396 Augue Rd.','472055631-00007',false,-22.250939,-45.928795,0,66);
INSERT INTO facility_address (id,address,address_alias,default_address,lat,lng,"version",facility_id) VALUES (295,'839-5308 At Road','668296585-00007',false,58.4603072,8.7649767,0,56);
INSERT INTO facility_address (id,address,address_alias,default_address,lat,lng,"version",facility_id) VALUES (297,'Ap #379-3791 Eu Ave','620326876-00005',false,-9.6612173,20.3904598,0,46);
INSERT INTO facility_address (id,address,address_alias,default_address,lat,lng,"version",facility_id) VALUES (298,'1780 Arcu. Avenue','617106174-00007',false,7.4445908,-5.2841177,0,49);
INSERT INTO facility_address (id,address,address_alias,default_address,lat,lng,"version",facility_id) VALUES (299,'P.O. Box 611, 8888 Natoque Ave','937106094-00009',false,62.0587526,129.7283548,0,23);
INSERT INTO facility_address (id,address,address_alias,default_address,lat,lng,"version",facility_id) VALUES (300,'1674 Donec Road','526443627-00009',false,-29.5903512,31.1366715,0,47);
INSERT INTO facility_address (id,address,address_alias,default_address,lat,lng,"version",facility_id) VALUES (301,'165-2830 Phasellus Avenue','738246875-00004',true,52.3979454,23.8257811,0,13);
INSERT INTO facility_address (id,address,address_alias,default_address,lat,lng,"version",facility_id) VALUES (302,'470-4644 Lacinia Av.','253281117-00007',true,11.2561208,-73.6344979,0,91);
INSERT INTO facility_address (id,address,address_alias,default_address,lat,lng,"version",facility_id) VALUES (303,'8712 Eget St.','892839606-00001',true,-7.466569,112.4500076,0,91);
INSERT INTO facility_address (id,address,address_alias,default_address,lat,lng,"version",facility_id) VALUES (305,'Ap #419-6551 Facilisis Avenue','799718325-00001',true,50.3422678,13.9673223,0,21);
INSERT INTO facility_address (id,address,address_alias,default_address,lat,lng,"version",facility_id) VALUES (306,'Ap #572-7927 Magnis Street','763769130-00009',true,59.0800798,24.2361948,0,23);
INSERT INTO facility_address (id,address,address_alias,default_address,lat,lng,"version",facility_id) VALUES (307,'Ap #718-8787 Mauris. Road','307541870-00001',true,49.5773435,22.3696964,0,43);
INSERT INTO facility_address (id,address,address_alias,default_address,lat,lng,"version",facility_id) VALUES (308,'2465 Auctor, Road','839084704-00007',true,46.5734584,15.6125252,0,72);
INSERT INTO facility_address (id,address,address_alias,default_address,lat,lng,"version",facility_id) VALUES (309,'P.O. Box 695, 9389 Orci Rd.','703789362-00000',true,36.7435003,10.2319757,0,99);
INSERT INTO facility_address (id,address,address_alias,default_address,lat,lng,"version",facility_id) VALUES (310,'P.O. Box 935, 7706 Nulla St.','175379411-00002',true,39.4854373,-119.8757349,0,86);
INSERT INTO facility_address (id,address,address_alias,default_address,lat,lng,"version",facility_id) VALUES (311,'8543 A Avenue','837437672-00004',true,41.5399755,-72.9934468,0,41);
INSERT INTO facility_address (id,address,address_alias,default_address,lat,lng,"version",facility_id) VALUES (313,'P.O. Box 348, 688 Nec, St.','011309531-00009',true,34.395562,113.740529,0,97);
INSERT INTO facility_address (id,address,address_alias,default_address,lat,lng,"version",facility_id) VALUES (314,'P.O. Box 155, 3453 Neque St.','715561387-00005',true,22.3179093,-79.6558242,0,49);
INSERT INTO facility_address (id,address,address_alias,default_address,lat,lng,"version",facility_id) VALUES (315,'Ap #774-5138 Ullamcorper. Rd.','804813293-00003',true,23.372254,116.716446,0,10);
INSERT INTO facility_address (id,address,address_alias,default_address,lat,lng,"version",facility_id) VALUES (316,'Ap #613-7260 Mauris Ave','350705018-00009',true,-17.3697902,-48.9605972,0,89);
INSERT INTO facility_address (id,address,address_alias,default_address,lat,lng,"version",facility_id) VALUES (317,'393-3835 Parturient Rd.','670928373-00000',true,15.4097396,104.9201205,0,32);
INSERT INTO facility_address (id,address,address_alias,default_address,lat,lng,"version",facility_id) VALUES (318,'Ap #842-7145 Vel St.','616079885-00003',true,23.081394,107.143432,0,73);
INSERT INTO facility_address (id,address,address_alias,default_address,lat,lng,"version",facility_id) VALUES (320,'321-4680 Eu Road','167740927-00006',true,5.4829423,-74.4604064,0,5);
INSERT INTO facility_address (id,address,address_alias,default_address,lat,lng,"version",facility_id) VALUES (321,'800-3427 Ligula Road','243355955-00002',true,-8.4589273,118.5155901,0,25);
INSERT INTO facility_address (id,address,address_alias,default_address,lat,lng,"version",facility_id) VALUES (322,'806-2804 Molestie Av.','397348632-00001',true,39.9599267,-8.4886039,0,4);
INSERT INTO facility_address (id,address,address_alias,default_address,lat,lng,"version",facility_id) VALUES (323,'P.O. Box 997, 9467 Tincidunt Rd.','559384748-00005',true,-34.6824081,-58.5146668,0,47);
INSERT INTO facility_address (id,address,address_alias,default_address,lat,lng,"version",facility_id) VALUES (324,'Ap #652-372 Et Street','573015997-00006',true,-18.0065679,-70.2462741,0,2);
INSERT INTO facility_address (id,address,address_alias,default_address,lat,lng,"version",facility_id) VALUES (325,'P.O. Box 813, 7677 Justo. Av.','347387599-00009',true,-7.606418,110.190865,0,86);
INSERT INTO facility_address (id,address,address_alias,default_address,lat,lng,"version",facility_id) VALUES (326,'P.O. Box 935, 836 Cras Ave','303121628-00000',true,-24.314422,-46.9936142,0,32);
INSERT INTO facility_address (id,address,address_alias,default_address,lat,lng,"version",facility_id) VALUES (328,'550-4739 Libero Rd.','970010922-00007',true,46.3392772,14.9599807,0,93);
INSERT INTO facility_address (id,address,address_alias,default_address,lat,lng,"version",facility_id) VALUES (329,'P.O. Box 638, 1024 Tristique Avenue','073079345-00002',true,-5.9329071,105.9997125,0,61);
INSERT INTO facility_address (id,address,address_alias,default_address,lat,lng,"version",facility_id) VALUES (330,'7329 Ut Av.','027927334-00006',true,32.849276,35.068929,0,57);
INSERT INTO facility_address (id,address,address_alias,default_address,lat,lng,"version",facility_id) VALUES (69,'P.O. Box 870, 2029 Dis Street','807209754-00009',false,43.9071313,125.3462629,0,16);
INSERT INTO facility_address (id,address,address_alias,default_address,lat,lng,"version",facility_id) VALUES (73,'Ap #764-1310 Semper, Ave','252566310-00006',false,-29.1294007,-56.5481122,0,21);
INSERT INTO facility_address (id,address,address_alias,default_address,lat,lng,"version",facility_id) VALUES (81,'P.O. Box 288, 6808 Aliquet, Avenue','662261288-00002',false,-19.2234241,-40.8538285,0,84);
INSERT INTO facility_address (id,address,address_alias,default_address,lat,lng,"version",facility_id) VALUES (90,'732-3360 Quam St.','047149406-00002',false,43.7441795,2.511999,0,68);
INSERT INTO facility_address (id,address,address_alias,default_address,lat,lng,"version",facility_id) VALUES (99,'P.O. Box 544, 8529 Pharetra Road','506500115-00007',false,52.322296,18.3838669,0,72);
INSERT INTO facility_address (id,address,address_alias,default_address,lat,lng,"version",facility_id) VALUES (106,'Ap #474-6095 Mollis St.','265168120-00003',false,26.352089,111.262144,0,2);
INSERT INTO facility_address (id,address,address_alias,default_address,lat,lng,"version",facility_id) VALUES (114,'P.O. Box 227, 2451 Ipsum. Avenue','730949526-00000',false,5.623505,10.2544044,0,96);
INSERT INTO facility_address (id,address,address_alias,default_address,lat,lng,"version",facility_id) VALUES (123,'Ap #160-7581 Nulla Rd.','760363960-00005',false,40.7172049,-8.3625148,0,22);
INSERT INTO facility_address (id,address,address_alias,default_address,lat,lng,"version",facility_id) VALUES (131,'Ap #371-2031 Lorem, St.','302506399-00005',false,65.723731,-17.354349,0,30);
INSERT INTO facility_address (id,address,address_alias,default_address,lat,lng,"version",facility_id) VALUES (137,'P.O. Box 753, 4755 Ac Av.','615659471-00002',false,49.564452,20.6327686,0,23);
INSERT INTO facility_address (id,address,address_alias,default_address,lat,lng,"version",facility_id) VALUES (139,'8515 Quam Avenue','208398750-00009',false,31.8484611,130.260344,0,47);
INSERT INTO facility_address (id,address,address_alias,default_address,lat,lng,"version",facility_id) VALUES (146,'5292 Nibh Avenue','995045796-00001',false,44.3324131,-0.1518541,0,43);
INSERT INTO facility_address (id,address,address_alias,default_address,lat,lng,"version",facility_id) VALUES (154,'Ap #236-7603 Sagittis Avenue','311777098-00006',false,-21.4261129,-45.9481612,0,69);
INSERT INTO facility_address (id,address,address_alias,default_address,lat,lng,"version",facility_id) VALUES (163,'Ap #120-1587 Tristique Road','705029759-00002',false,-21.6704167,-42.0792577,0,11);
INSERT INTO facility_address (id,address,address_alias,default_address,lat,lng,"version",facility_id) VALUES (173,'116-1231 Nunc Avenue','977612654-00003',false,-25.1169056,-49.5076392,0,50);
INSERT INTO facility_address (id,address,address_alias,default_address,lat,lng,"version",facility_id) VALUES (181,'Ap #129-9785 Felis Av.','593482052-00002',false,-5.706302,34.4946697,0,23);
INSERT INTO facility_address (id,address,address_alias,default_address,lat,lng,"version",facility_id) VALUES (189,'Ap #622-5385 Diam St.','464530708-00005',false,-8.0663604,113.4418908,0,47);
INSERT INTO facility_address (id,address,address_alias,default_address,lat,lng,"version",facility_id) VALUES (196,'P.O. Box 212, 8150 Quisque Road','887019172-00006',false,56.0660092,12.7332992,0,85);
INSERT INTO facility_address (id,address,address_alias,default_address,lat,lng,"version",facility_id) VALUES (204,'P.O. Box 353, 673 Quisque Ave','583255765-00005',false,-6.5114699,106.8325872,0,27);
INSERT INTO facility_address (id,address,address_alias,default_address,lat,lng,"version",facility_id) VALUES (206,'Ap #920-1160 Cursus St.','727850570-00001',false,48.777799,1.9639754,0,29);
INSERT INTO facility_address (id,address,address_alias,default_address,lat,lng,"version",facility_id) VALUES (211,'4778 Lorem, Rd.','249156092-00002',false,14.6103278,121.0080574,0,13);
INSERT INTO facility_address (id,address,address_alias,default_address,lat,lng,"version",facility_id) VALUES (219,'Отделение №27 проспект Соборний 186','НП27',true,49.403331,2.8134703,0,58);
INSERT INTO facility_address (id,address,address_alias,default_address,lat,lng,"version",facility_id) VALUES (229,'516-4699 Lacus. Road','735390536-00002',false,47.0302849,28.7847456,0,98);
INSERT INTO facility_address (id,address,address_alias,default_address,lat,lng,"version",facility_id) VALUES (238,'Ap #919-5061 Ullamcorper. Rd.','217558782-00009',false,23.099153,113.810423,0,3);
INSERT INTO facility_address (id,address,address_alias,default_address,lat,lng,"version",facility_id) VALUES (247,'P.O. Box 767, 1254 Mauris St.','377899364-00006',false,14.6632212,-90.6132158,0,95);
INSERT INTO facility_address (id,address,address_alias,default_address,lat,lng,"version",facility_id) VALUES (254,'251-232 Integer Street','622311330-00006',false,42.6532844,-73.762495,0,69);
INSERT INTO facility_address (id,address,address_alias,default_address,lat,lng,"version",facility_id) VALUES (263,'P.O. Box 751, 8900 Suspendisse Rd.','248194870-00007',false,10.266893,123.949939,0,5);
INSERT INTO facility_address (id,address,address_alias,default_address,lat,lng,"version",facility_id) VALUES (270,'P.O. Box 576, 687 Nam Avenue','704616457-00005',false,42.4385891,-8.5995773,0,79);
INSERT INTO facility_address (id,address,address_alias,default_address,lat,lng,"version",facility_id) VALUES (274,'966-9936 Quis St.','364079434-00007',false,63.0077471,16.6652193,0,27);
INSERT INTO facility_address (id,address,address_alias,default_address,lat,lng,"version",facility_id) VALUES (279,'P.O. Box 842, 5202 Elit, Av.','084526821-00008',false,53.3194376,18.212466,0,73);
INSERT INTO facility_address (id,address,address_alias,default_address,lat,lng,"version",facility_id) VALUES (288,'Ap #644-4999 Dignissim. Ave','276638350-00005',false,-23.3879703,-49.5076392,0,14);
INSERT INTO facility_address (id,address,address_alias,default_address,lat,lng,"version",facility_id) VALUES (296,'Ap #298-9606 Vel St.','069430510-00003',false,50.8816379,20.4659289,0,81);
INSERT INTO facility_address (id,address,address_alias,default_address,lat,lng,"version",facility_id) VALUES (304,'965-3276 Aliquam Rd.','962070223-00004',true,41.5725857,-8.129315,0,38);
INSERT INTO facility_address (id,address,address_alias,default_address,lat,lng,"version",facility_id) VALUES (312,'P.O. Box 878, 9372 Aliquet St.','231748179-00000',true,32.7830575,-79.9365839,0,47);
INSERT INTO facility_address (id,address,address_alias,default_address,lat,lng,"version",facility_id) VALUES (319,'Ap #292-5692 Aenean Street','744060229-00005',true,45.2865242,-72.9768148,0,47);
INSERT INTO facility_address (id,address,address_alias,default_address,lat,lng,"version",facility_id) VALUES (327,'P.O. Box 265, 848 Felis Avenue','822339156-00009',true,6.7367367,7.0014657,0,87);
alter sequence facility_address_id_seq restart with 331;

-- Insert Facility that controlled by User with role Client
INSERT INTO public.users_facilities (facility_id, user_id) VALUES(79, 4);
INSERT INTO public.users_facilities (facility_id, user_id) VALUES(81, 4);
INSERT INTO public.users_facilities (facility_id, user_id) VALUES(83, 4);
INSERT INTO public.users_facilities (facility_id, user_id) VALUES(85, 4);
INSERT INTO public.users_facilities (facility_id, user_id) VALUES(79, 1);
INSERT INTO public.users_facilities (facility_id, user_id) VALUES(81, 1);
INSERT INTO public.users_facilities (facility_id, user_id) VALUES(83, 7);
INSERT INTO public.users_facilities (facility_id, user_id) VALUES(85, 7);

-- Insert Courier Requests by Client
INSERT INTO public.courier_requests (id, creation_date, description, "version", state, author_user_id, from_point_id, to_point_id) VALUES(1, '2019-08-31 19:49:16.186', 'Забрать картриджи', 1, 'NEW', 4, 308, 63);
INSERT INTO public.courier_requests (id, creation_date, description, "version", state, author_user_id, from_point_id, to_point_id) VALUES(2, '2019-08-31 20:06:22.579', 'Забрать картриджи', 1, 'NEW', 4, 129, 63);
INSERT INTO public.courier_requests (id, creation_date, description, "version", state, author_user_id, from_point_id, to_point_id) VALUES(3, '2019-08-31 20:57:03.070', 'Забрать с Новой Почты посылку', 1, 'NEW', 3, 219, 63);
INSERT INTO public.courier_requests (id, creation_date, description, "version", state, author_user_id, from_point_id, to_point_id) VALUES(4, '2019-08-31 21:41:24.588', 'Отвезти картриджи', 1, 'NEW', 3, 63, 1);
INSERT INTO public.courier_requests (id, creation_date, description, "version", state, author_user_id, from_point_id, to_point_id) VALUES(8, '2019-08-31 23:36:55.645', 'Забрать монитор', 1, 'NEW', 7, 272, 63);
alter sequence courier_requests_id_seq restart with 9;

-- Insert Courier Request Event for Requests Above
INSERT INTO public.courier_request_events (id, creation_date, description, "version", author_user_id, fk_courier_req_id) VALUES(1, '2019-08-31 19:49:16.187', 'Зареестровано виклик курьера.', 0, 1, 1);
INSERT INTO public.courier_request_events (id, creation_date, description, "version", author_user_id, fk_courier_req_id) VALUES(2, '2019-08-31 20:06:22.579', 'Зареестровано виклик курьера.', 0, 1, 2);
INSERT INTO public.courier_request_events (id, creation_date, description, "version", author_user_id, fk_courier_req_id) VALUES(3, '2019-08-31 20:57:03.070', 'Зареестровано виклик курьера.', 0, 3, 3);
INSERT INTO public.courier_request_events (id, creation_date, description, "version", author_user_id, fk_courier_req_id) VALUES(4, '2019-08-31 21:41:24.588', 'Зареестровано виклик курьера.', 0, 3, 4);
INSERT INTO public.courier_request_events (id, creation_date, description, "version", author_user_id, fk_courier_req_id) VALUES(8, '2019-08-31 23:33:36.071', 'Зареестровано виклик курьера.', 0, 7, 8);
INSERT INTO public.courier_request_events (id, creation_date, description, "version", author_user_id, fk_courier_req_id) VALUES(9, '2019-08-31 23:35:11.295', 'Виклик кур''єра було видано.', 0, 3, 8);
INSERT INTO public.courier_request_events (id, creation_date, description, "version", author_user_id, fk_courier_req_id) VALUES(10, '2019-08-31 23:35:52.282', 'Візит кур''єра маркований як скасований з причини: "Уже не надо"', 0, 3, 8);
INSERT INTO public.courier_request_events (id, creation_date, description, "version", author_user_id, fk_courier_req_id) VALUES(11, '2019-08-31 23:36:55.644', 'Цей виклик було перестворено з виданого виклику з причини: "Сегодня монитор уже есть". Прототип має #id 3', 0, 3, 8);
INSERT INTO public.courier_request_events (id, creation_date, description, "version", author_user_id, fk_courier_req_id) VALUES(12, '2019-08-31 23:36:55.645', 'Зареестровано виклик курьера.', 0, 3, 8);
alter sequence courier_request_events_id_seq restart with 13;

-- Insert Draft Route Sheets
INSERT INTO public.draft_route_sheets (sheet_id, creation_date, description, "version", author_user_id) VALUES(1, '2019-08-31 21:42:22.773', 'Забрать картриджи и почту', 1, 3);
INSERT INTO public.draft_route_sheets (sheet_id, creation_date, description, "version", author_user_id) VALUES(2, '2019-08-31 21:43:15.310', 'Забрать картриджи, почту, отвезти работу на космос', 1, 3);
alter sequence draft_route_sheets_sheet_id_seq restart with 3;

-- Insert Draft Route Sheet Events
INSERT INTO public.draft_route_sheet_events (id, creation_date, description, "version", author_user_id, fk_sheet_id) VALUES(1, '2019-08-31 21:42:22.773', 'Чернетку маршрутного листа було створено.', 0, 3, 1);
INSERT INTO public.draft_route_sheet_events (id, creation_date, description, "version", author_user_id, fk_sheet_id) VALUES(2, '2019-08-31 21:43:15.310', 'Чернетку маршрутного листа було створено.', 0, 3, 2);
alter sequence draft_route_sheet_events_id_seq restart with 3;

-- Wire Sheets and requests
INSERT INTO public.draft_route_sheets_requests (draft_route_sheets_id, courier_request_id) VALUES(1, 2);
INSERT INTO public.draft_route_sheets_requests (draft_route_sheets_id, courier_request_id) VALUES(1, 3);
INSERT INTO public.draft_route_sheets_requests (draft_route_sheets_id, courier_request_id) VALUES(2, 2);
INSERT INTO public.draft_route_sheets_requests (draft_route_sheets_id, courier_request_id) VALUES(2, 3);
INSERT INTO public.draft_route_sheets_requests (draft_route_sheets_id, courier_request_id) VALUES(2, 4);

-- Issued Route Sheet
INSERT INTO public.issued_route_sheets (sheet_id, creation_date, description, "version", author_user_id) VALUES(1, '2019-08-31 23:35:11.295', 'Развоз заказов и забрать монитор если получится', 1, 3);
alter sequence issued_route_sheets_sheet_id_seq restart with 2;

-- Issued Route Sheet Events
INSERT INTO public.issued_route_sheet_events (id, creation_date, description, "version", author_user_id, fk_sheet_id) VALUES(1, '2019-08-31 23:34:41.035', 'Чернетку маршрутного листа було створено.', 0, 3, 1);
INSERT INTO public.issued_route_sheet_events (id, creation_date, description, "version", author_user_id, fk_sheet_id) VALUES(2, '2019-08-31 23:35:11.295', 'Чернетку маршрутного листа було видано з новим приписом ''Развоз заказов и забрать монитор если получится''.', 0, 3, 1);
alter sequence issued_route_sheet_events_id_seq restart with 3;

-- Insert Courier Visits
INSERT INTO public.courier_visits (id, creation_date, description, "version", state, author_user_id, from_point_id, to_point_id) VALUES(1, '2019-08-31 23:32:08.893', 'Отвезти заказ №3216', 1, 'RUNNING', 7, 63, 52);
INSERT INTO public.courier_visits (id, creation_date, description, "version", state, author_user_id, from_point_id, to_point_id) VALUES(2, '2019-08-31 23:32:51.308', 'Отвезти заказ №3217', 2, 'COMPLETED', 7, 63, 194);
INSERT INTO public.courier_visits (id, creation_date, description, "version", state, author_user_id, from_point_id, to_point_id) VALUES(3, '2019-08-31 23:33:36.071', 'Забрать монитор', 3, 'CANCELLED', 7, 272, 63);
alter sequence courier_visits_id_seq restart with 4;

-- Insert Courier Visits Event
INSERT INTO public.courier_visit_events (id, creation_date, description, "version", author_user_id, fk_courier_req_id) VALUES(1, '2019-08-31 23:32:08.893', 'Зареестровано виклик курьера.', 0, 7, 1);
INSERT INTO public.courier_visit_events (id, creation_date, description, "version", author_user_id, fk_courier_req_id) VALUES(2, '2019-08-31 23:35:11.295', 'Виклик кур''єра було видано.', 0, 3, 1);
INSERT INTO public.courier_visit_events (id, creation_date, description, "version", author_user_id, fk_courier_req_id) VALUES(3, '2019-08-31 23:32:51.308', 'Зареестровано виклик курьера.', 0, 7, 2);
INSERT INTO public.courier_visit_events (id, creation_date, description, "version", author_user_id, fk_courier_req_id) VALUES(4, '2019-08-31 23:35:11.295', 'Виклик кур''єра було видано.', 0, 3, 2);
INSERT INTO public.courier_visit_events (id, creation_date, description, "version", author_user_id, fk_courier_req_id) VALUES(5, '2019-08-31 23:33:36.071', 'Зареестровано виклик курьера.', 0, 7, 3);
INSERT INTO public.courier_visit_events (id, creation_date, description, "version", author_user_id, fk_courier_req_id) VALUES(6, '2019-08-31 23:35:11.295', 'Виклик кур''єра було видано.', 0, 3, 3);
INSERT INTO public.courier_visit_events (id, creation_date, description, "version", author_user_id, fk_courier_req_id) VALUES(7, '2019-08-31 23:35:52.282', 'Візит кур''єра маркований як скасований', 0, 3, 3);
INSERT INTO public.courier_visit_events (id, creation_date, description, "version", author_user_id, fk_courier_req_id) VALUES(8, '2019-08-31 23:36:04.583', 'Візит кур''єра маркований як виконаний', 0, 3, 2);
INSERT INTO public.courier_visit_events (id, creation_date, description, "version", author_user_id, fk_courier_req_id) VALUES(9, '2019-08-31 23:36:55.779', 'Цей виклик було взято за основу для повторного виклику з причини ''Сегодня монитор уже есть''. Нова чернетка зареєстрована з #id: 8', 0, 3, 3);
alter sequence courier_visit_events_id_seq restart with 10;

-- Wire Issued Sheets and Visits
INSERT INTO public.issued_route_sheets_requests (issued_route_sheet_sheet_id, requests_id) VALUES(1, 1);
INSERT INTO public.issued_route_sheets_requests (issued_route_sheet_sheet_id, requests_id) VALUES(1, 2);
INSERT INTO public.issued_route_sheets_requests (issued_route_sheet_sheet_id, requests_id) VALUES(1, 3);

INSERT INTO users (user_id,email,enabled,verified,"password",name,"version") VALUES(8, 'client1@gmail.com', true,false, '$2a$10$YPJH.2bioTSCRze9h3rFxO5h4.gXVYeKMmZIihWltExra3FuvTst.',  'Client1', 1);
alter sequence user_seq restart with 9;
INSERT INTO public.user_roles (user_id,user_role) VALUES (8,'ROLE_USER');
INSERT INTO users_verification_tokens (token_id, expiry_date, "token", token_type, enabled, used_date, user_id) VALUES(101, '2020-10-04 15:10:57.256', '980185bf-d16c-459c-ba2d-d5f460cc4bff', 'FGP', false, NULL, 8);

alter sequence hibernate_sequence restart with 102;
